NID,Plot,Trail,Study,Species,Year,PlotYear,ident,FATE,EXP,OrdDate,TrailDist,RoadDist,EdgeDist,WTR,WBH,GPH,Core500,Edge60m,Core10km,Edge6010km,PatchArea,CoreArea,TrailType,UseLevel,PlotType,PatchType
101,UWT,UWT,MJP,AMRO,2009,UWT-09,01-01_2009,1,5,149,115.8,936.53,116.01,4.5,9.8,0.655,0.89793578,0.05733945,0.237312997,0.094030218,493.1557688,493.1557688,Old Road,H,R,Core
101,UWT,UWT,MJP,AMRO,2009,UWT-09,01-01_2009,1,4,153,115.8,936.53,116.01,4.5,9.8,0.655,0.89793578,0.05733945,0.237312997,0.094030218,493.1557688,493.1557688,Old Road,H,R,Core
101,UWT,UWT,MJP,AMRO,2009,UWT-09,01-01_2009,1,3,156,115.8,936.53,116.01,4.5,9.8,0.655,0.89793578,0.05733945,0.237312997,0.094030218,493.1557688,493.1557688,Old Road,H,R,Core
101,UWT,UWT,MJP,AMRO,2009,UWT-09,01-01_2009,1,5,161,115.8,936.53,116.01,4.5,9.8,0.655,0.89793578,0.05733945,0.237312997,0.094030218,493.1557688,493.1557688,Old Road,H,R,Core
101,UWT,UWT,MJP,AMRO,2009,UWT-09,01-01_2009,1,5,166,115.8,936.53,116.01,4.5,9.8,0.655,0.89793578,0.05733945,0.237312997,0.094030218,493.1557688,493.1557688,Old Road,H,R,Core
103,UWT,UWT,MJP,AMRO,2009,UWT-09,01-03_2009,1,5,166,65.5,869.9,68.61,4.5,9.8,0.655,0.912100457,0.051369863,0.236258479,0.093652603,493.1557688,493.1557688,Old Road,H,R,Core
103,UWT,UWT,MJP,AMRO,2009,UWT-09,01-03_2009,1,4,170,65.5,869.9,68.61,4.5,9.8,0.655,0.912100457,0.051369863,0.236258479,0.093652603,493.1557688,493.1557688,Old Road,H,R,Core
103,UWT,UWT,MJP,AMRO,2009,UWT-09,01-03_2009,1,4,174,65.5,869.9,68.61,4.5,9.8,0.655,0.912100457,0.051369863,0.236258479,0.093652603,493.1557688,493.1557688,Old Road,H,R,Core
201,UWT,UWT,MJP,AMRO,2009,UWT-09,02-01_2009,1,5,149,64.6,618.89,152.67,4.1,10.1,0.655,0.925799087,0.059360731,0.23250424,0.092251673,493.1557688,493.1557688,Old Road,H,R,Core
201,UWT,UWT,MJP,AMRO,2009,UWT-09,02-01_2009,1,4,153,64.6,618.89,152.67,4.1,10.1,0.655,0.925799087,0.059360731,0.23250424,0.092251673,493.1557688,493.1557688,Old Road,H,R,Core
201,UWT,UWT,MJP,AMRO,2009,UWT-09,02-01_2009,1,3,156,64.6,618.89,152.67,4.1,10.1,0.655,0.925799087,0.059360731,0.23250424,0.092251673,493.1557688,493.1557688,Old Road,H,R,Core
201,UWT,UWT,MJP,AMRO,2009,UWT-09,02-01_2009,1,5,161,64.6,618.89,152.67,4.1,10.1,0.655,0.925799087,0.059360731,0.23250424,0.092251673,493.1557688,493.1557688,Old Road,H,R,Core
203,UWT,UWT,MJP,AMRO,2009,UWT-09,02-03_2009,0,3,156,28.1,812.12,43.25,4.1,10.1,0.655,0.98163031,0.01836969,0.236723363,0.093060366,493.1557688,493.1557688,Old Road,H,R,Core
206,UWT,UWT,MJP,AMRO,2009,UWT-09,02-06_2009,1,3,177,67.8,441.73,208.92,4.1,10.1,0.655,0.756880734,0.145642202,0.232890801,0.090788765,493.1557688,493.1557688,Old Road,H,R,Core
209,UWT,UWT,MJP,AMRO,2009,UWT-09,02-09_2009,1,4,202,24.2,596.51,164.67,4.1,10.1,0.655,0.917525773,0.053837342,0.232931106,0.091913618,493.1557688,493.1557688,Old Road,H,R,Core
209,UWT,UWT,MJP,AMRO,2009,UWT-09,02-09_2009,1,4,206,24.2,596.51,164.67,4.1,10.1,0.655,0.917525773,0.053837342,0.232931106,0.091913618,493.1557688,493.1557688,Old Road,H,R,Core
209,UWT,UWT,MJP,AMRO,2009,UWT-09,02-09_2009,1,3,209,24.2,596.51,164.67,4.1,10.1,0.655,0.917525773,0.053837342,0.232931106,0.091913618,493.1557688,493.1557688,Old Road,H,R,Core
401,UEM,UEM,MJP,AMRO,2009,UEM-09,04-01_2009,1,5,161,25.3,866.76,551.32,2.2,7.9,0.216,0.997709049,0.002290951,0.22969493,0.096933729,493.1557688,493.1557688,Constructed,H,C,Core
401,UEM,UEM,MJP,AMRO,2009,UEM-09,04-01_2009,0,5,166,25.3,866.76,551.32,2.2,7.9,0.216,0.997709049,0.002290951,0.22969493,0.096933729,493.1557688,493.1557688,Constructed,H,C,Core
403,UEM,UEM,MJP,AMRO,2009,UEM-09,04-03_2009,1,5,166,56.3,855.38,606.36,2.2,7.9,0.216,1,0,0.229523875,0.096665284,493.1557688,493.1557688,Constructed,H,C,Core
403,UEM,UEM,MJP,AMRO,2009,UEM-09,04-03_2009,1,4,170,56.3,855.38,606.36,2.2,7.9,0.216,1,0,0.229523875,0.096665284,493.1557688,493.1557688,Constructed,H,C,Core
403,UEM,UEM,MJP,AMRO,2009,UEM-09,04-03_2009,1,4,174,56.3,855.38,606.36,2.2,7.9,0.216,1,0,0.229523875,0.096665284,493.1557688,493.1557688,Constructed,H,C,Core
403,UEM,UEM,MJP,AMRO,2009,UEM-09,04-03_2009,0,3,177,56.3,855.38,606.36,2.2,7.9,0.216,1,0,0.229523875,0.096665284,493.1557688,493.1557688,Constructed,H,C,Core
404,UEM,UEM,MJP,AMRO,2009,UEM-09,04-04_2009,0,5,167,107.7,754,706.79,2.2,7.9,0.216,1,0,0.2291496,0.095724285,493.1557688,493.1557688,Constructed,H,C,Core
501,EB5,EB5,MJP,AMRO,2009,EB5-09,05-01_2009,0,5,150,8.7,601.18,352.26,3.9,10.5,1.509,0.946162658,0.042382589,0.243982375,0.096264804,493.1557688,493.1557688,Old Road,H,R,Core
502,EB5,EB5,MJP,AMRO,2009,EB5-09,05-02_2009,1,5,150,9.4,543.66,322.04,3.9,10.5,1.509,0.929885057,0.057471264,0.244466472,0.096767262,493.1557688,493.1557688,Old Road,H,R,Core
502,EB5,EB5,MJP,AMRO,2009,EB5-09,05-02_2009,1,4,154,9.4,543.66,322.04,3.9,10.5,1.509,0.929885057,0.057471264,0.244466472,0.096767262,493.1557688,493.1557688,Old Road,H,R,Core
502,EB5,EB5,MJP,AMRO,2009,EB5-09,05-02_2009,1,4,158,9.4,543.66,322.04,3.9,10.5,1.509,0.929885057,0.057471264,0.244466472,0.096767262,493.1557688,493.1557688,Old Road,H,R,Core
502,EB5,EB5,MJP,AMRO,2009,EB5-09,05-02_2009,1,4,162,9.4,543.66,322.04,3.9,10.5,1.509,0.929885057,0.057471264,0.244466472,0.096767262,493.1557688,493.1557688,Old Road,H,R,Core
502,EB5,EB5,MJP,AMRO,2009,EB5-09,05-02_2009,1,5,167,9.4,543.66,322.04,3.9,10.5,1.509,0.929885057,0.057471264,0.244466472,0.096767262,493.1557688,493.1557688,Old Road,H,R,Core
502,EB5,EB5,MJP,AMRO,2009,EB5-09,05-02_2009,1,4,171,9.4,543.66,322.04,3.9,10.5,1.509,0.929885057,0.057471264,0.244466472,0.096767262,493.1557688,493.1557688,Old Road,H,R,Core
502,EB5,EB5,MJP,AMRO,2009,EB5-09,05-02_2009,1,4,175,9.4,543.66,322.04,3.9,10.5,1.509,0.929885057,0.057471264,0.244466472,0.096767262,493.1557688,493.1557688,Old Road,H,R,Core
504,EB5,EB5,MJP,AMRO,2009,EB5-09,05-04_2009,1,4,158,84.2,594.44,414.69,3.9,10.5,1.509,0.965556831,0.026406429,0.244468573,0.09769919,493.1557688,493.1557688,Old Road,H,R,Core
504,EB5,EB5,MJP,AMRO,2009,EB5-09,05-04_2009,1,4,162,84.2,594.44,414.69,3.9,10.5,1.509,0.965556831,0.026406429,0.244468573,0.09769919,493.1557688,493.1557688,Old Road,H,R,Core
504,EB5,EB5,MJP,AMRO,2009,EB5-09,05-04_2009,1,5,167,84.2,594.44,414.69,3.9,10.5,1.509,0.965556831,0.026406429,0.244468573,0.09769919,493.1557688,493.1557688,Old Road,H,R,Core
504,EB5,EB5,MJP,AMRO,2009,EB5-09,05-04_2009,1,4,171,84.2,594.44,414.69,3.9,10.5,1.509,0.965556831,0.026406429,0.244468573,0.09769919,493.1557688,493.1557688,Old Road,H,R,Core
504,EB5,EB5,MJP,AMRO,2009,EB5-09,05-04_2009,1,4,175,84.2,594.44,414.69,3.9,10.5,1.509,0.965556831,0.026406429,0.244468573,0.09769919,493.1557688,493.1557688,Old Road,H,R,Core
505,EB5,EB5,MJP,AMRO,2009,EB5-09,05-05_2009,1,4,158,94.8,685.72,454.07,3.9,10.5,1.509,0.977037887,0.019517796,0.24357619,0.096776134,493.1557688,493.1557688,Old Road,H,R,Core
505,EB5,EB5,MJP,AMRO,2009,EB5-09,05-05_2009,1,4,162,94.8,685.72,454.07,3.9,10.5,1.509,0.977037887,0.019517796,0.24357619,0.096776134,493.1557688,493.1557688,Old Road,H,R,Core
505,EB5,EB5,MJP,AMRO,2009,EB5-09,05-05_2009,0,5,167,94.8,685.72,454.07,3.9,10.5,1.509,0.977037887,0.019517796,0.24357619,0.096776134,493.1557688,493.1557688,Old Road,H,R,Core
506,EB5,EB5,MJP,AMRO,2009,EB5-09,05-06_2009,1,4,158,10.2,607.23,355.13,3.9,10.5,1.509,0.946347032,0.042237443,0.243898177,0.096208276,493.1557688,493.1557688,Old Road,H,R,Core
506,EB5,EB5,MJP,AMRO,2009,EB5-09,05-06_2009,1,4,162,10.2,607.23,355.13,3.9,10.5,1.509,0.946347032,0.042237443,0.243898177,0.096208276,493.1557688,493.1557688,Old Road,H,R,Core
506,EB5,EB5,MJP,AMRO,2009,EB5-09,05-06_2009,1,5,167,10.2,607.23,355.13,3.9,10.5,1.509,0.946347032,0.042237443,0.243898177,0.096208276,493.1557688,493.1557688,Old Road,H,R,Core
507,EB5,EB5,MJP,AMRO,2009,EB5-09,05-07_2009,1,5,167,63.3,552.35,295.13,3.9,10.5,1.509,0.922196796,0.064073227,0.24429401,0.095985538,493.1557688,493.1557688,Old Road,H,R,Core
512,EB5,EB5,MJP,AMRO,2009,EB5-09,05-12_2009,1,5,187,39.8,539.32,362,3.9,10.5,1.509,0.94266055,0.047018349,0.244784773,0.09746071,493.1557688,493.1557688,Old Road,H,R,Core
512,EB5,EB5,MJP,AMRO,2009,EB5-09,05-12_2009,0,3,190,39.8,539.32,362,3.9,10.5,1.509,0.94266055,0.047018349,0.244784773,0.09746071,493.1557688,493.1557688,Old Road,H,R,Core
513,EB5,EB5,MJP,AMRO,2009,EB5-09,05-13_2009,1,5,187,2.3,221.93,177.02,3.9,10.5,1.509,0.608495982,0.164179104,0.248182982,0.098381085,493.1557688,493.1557688,Old Road,H,R,Core
513,EB5,EB5,MJP,AMRO,2009,EB5-09,05-13_2009,1,3,190,2.3,221.93,177.02,3.9,10.5,1.509,0.608495982,0.164179104,0.248182982,0.098381085,493.1557688,493.1557688,Old Road,H,R,Core
513,EB5,EB5,MJP,AMRO,2009,EB5-09,05-13_2009,0,5,195,2.3,221.93,177.02,3.9,10.5,1.509,0.608495982,0.164179104,0.248182982,0.098381085,493.1557688,493.1557688,Old Road,H,R,Core
514,EB5,EB5,MJP,AMRO,2009,EB5-09,05-14_2009,0,3,190,16,380.96,314.85,3.9,10.5,1.509,0.809142857,0.106285714,0.246319348,0.09770953,493.1557688,493.1557688,Old Road,H,R,Core
603,EB6,EB6,MJP,AMRO,2009,EB6-09,06-03_2009,1,5,150,24.8,756.09,453.81,4.2,8,1.509,0.973593571,0.021814007,0.242718725,0.095107808,493.1557688,493.1557688,Old Road,H,R,Core
603,EB6,EB6,MJP,AMRO,2009,EB6-09,06-03_2009,1,4,154,24.8,756.09,453.81,4.2,8,1.509,0.973593571,0.021814007,0.242718725,0.095107808,493.1557688,493.1557688,Old Road,H,R,Core
603,EB6,EB6,MJP,AMRO,2009,EB6-09,06-03_2009,1,4,158,24.8,756.09,453.81,4.2,8,1.509,0.973593571,0.021814007,0.242718725,0.095107808,493.1557688,493.1557688,Old Road,H,R,Core
603,EB6,EB6,MJP,AMRO,2009,EB6-09,06-03_2009,1,4,162,24.8,756.09,453.81,4.2,8,1.509,0.973593571,0.021814007,0.242718725,0.095107808,493.1557688,493.1557688,Old Road,H,R,Core
603,EB6,EB6,MJP,AMRO,2009,EB6-09,06-03_2009,1,5,167,24.8,756.09,453.81,4.2,8,1.509,0.973593571,0.021814007,0.242718725,0.095107808,493.1557688,493.1557688,Old Road,H,R,Core
604,EB6,EB6,MJP,AMRO,2009,EB6-09,06-04_2009,1,4,154,3.2,728.94,424.76,4.2,8,1.509,0.964367816,0.026436782,0.242897581,0.095081883,493.1557688,493.1557688,Old Road,H,R,Core
604,EB6,EB6,MJP,AMRO,2009,EB6-09,06-04_2009,1,4,158,3.2,728.94,424.76,4.2,8,1.509,0.964367816,0.026436782,0.242897581,0.095081883,493.1557688,493.1557688,Old Road,H,R,Core
604,EB6,EB6,MJP,AMRO,2009,EB6-09,06-04_2009,1,4,162,3.2,728.94,424.76,4.2,8,1.509,0.964367816,0.026436782,0.242897581,0.095081883,493.1557688,493.1557688,Old Road,H,R,Core
604,EB6,EB6,MJP,AMRO,2009,EB6-09,06-04_2009,0,5,167,3.2,728.94,424.76,4.2,8,1.509,0.964367816,0.026436782,0.242897581,0.095081883,493.1557688,493.1557688,Old Road,H,R,Core
605,EB6,EB6,MJP,AMRO,2009,EB6-09,06-05_2009,1,4,154,185.5,878.04,497.86,4.2,8,1.509,1,0,0.241924257,0.096069619,493.1557688,493.1557688,Old Road,H,R,Core
605,EB6,EB6,MJP,AMRO,2009,EB6-09,06-05_2009,1,4,158,185.5,878.04,497.86,4.2,8,1.509,1,0,0.241924257,0.096069619,493.1557688,493.1557688,Old Road,H,R,Core
605,EB6,EB6,MJP,AMRO,2009,EB6-09,06-05_2009,1,4,162,185.5,878.04,497.86,4.2,8,1.509,1,0,0.241924257,0.096069619,493.1557688,493.1557688,Old Road,H,R,Core
605,EB6,EB6,MJP,AMRO,2009,EB6-09,06-05_2009,1,5,167,185.5,878.04,497.86,4.2,8,1.509,1,0,0.241924257,0.096069619,493.1557688,493.1557688,Old Road,H,R,Core
605,EB6,EB6,MJP,AMRO,2009,EB6-09,06-05_2009,0,4,171,185.5,878.04,497.86,4.2,8,1.509,1,0,0.241924257,0.096069619,493.1557688,493.1557688,Old Road,H,R,Core
610,EB6,EB6,MJP,AMRO,2009,EB6-09,06-10_2009,1,4,175,250.6,1067.16,360.27,4.2,8,1.509,0.977037887,0.020665901,0.240030253,0.095001948,493.1557688,493.1557688,Old Road,H,R,Core
610,EB6,EB6,MJP,AMRO,2009,EB6-09,06-10_2009,1,3,178,250.6,1067.16,360.27,4.2,8,1.509,0.977037887,0.020665901,0.240030253,0.095001948,493.1557688,493.1557688,Old Road,H,R,Core
610,EB6,EB6,MJP,AMRO,2009,EB6-09,06-10_2009,0,4,182,250.6,1067.16,360.27,4.2,8,1.509,0.977037887,0.020665901,0.240030253,0.095001948,493.1557688,493.1557688,Old Road,H,R,Core
611,EB6,EB6,MJP,AMRO,2009,EB6-09,06-11_2009,0,3,175,252.7,1007.45,408.29,4.2,8,1.509,0.977090493,0.021764032,0.240677714,0.095594976,493.1557688,493.1557688,Old Road,H,R,Core
614,EB6,EB6,MJP,AMRO,2009,EB6-09,06-14_2009,1,4,182,82.3,723.19,374.61,4.2,8,1.509,0.948335247,0.040183697,0.242712911,0.094263728,493.1557688,493.1557688,Old Road,H,R,Core
614,EB6,EB6,MJP,AMRO,2009,EB6-09,06-14_2009,1,5,187,82.3,723.19,374.61,4.2,8,1.509,0.948335247,0.040183697,0.242712911,0.094263728,493.1557688,493.1557688,Old Road,H,R,Core
614,EB6,EB6,MJP,AMRO,2009,EB6-09,06-14_2009,1,3,190,82.3,723.19,374.61,4.2,8,1.509,0.948335247,0.040183697,0.242712911,0.094263728,493.1557688,493.1557688,Old Road,H,R,Core
614,EB6,EB6,MJP,AMRO,2009,EB6-09,06-14_2009,0,5,195,82.3,723.19,374.61,4.2,8,1.509,0.948335247,0.040183697,0.242712911,0.094263728,493.1557688,493.1557688,Old Road,H,R,Core
615,EB6,EB6,MJP,AMRO,2009,EB6-09,06-15_2009,0,4,182,61.6,612.3,329.59,4.2,8,1.509,0.939150402,0.048220436,0.243753044,0.095473428,493.1557688,493.1557688,Old Road,H,R,Core
616,EB6,EB6,MJP,AMRO,2009,EB6-09,06-16_2009,1,3,190,148.7,828.09,543.36,4.2,8,1.509,1,0,0.242372847,0.096250097,493.1557688,493.1557688,Old Road,H,R,Core
616,EB6,EB6,MJP,AMRO,2009,EB6-09,06-16_2009,1,5,195,148.7,828.09,543.36,4.2,8,1.509,1,0,0.242372847,0.096250097,493.1557688,493.1557688,Old Road,H,R,Core
616,EB6,EB6,MJP,AMRO,2009,EB6-09,06-16_2009,1,3,198,148.7,828.09,543.36,4.2,8,1.509,1,0,0.242372847,0.096250097,493.1557688,493.1557688,Old Road,H,R,Core
616,EB6,EB6,MJP,AMRO,2009,EB6-09,06-16_2009,1,5,203,148.7,828.09,543.36,4.2,8,1.509,1,0,0.242372847,0.096250097,493.1557688,493.1557688,Old Road,H,R,Core
616,EB6,EB6,MJP,AMRO,2009,EB6-09,06-16_2009,1,5,208,148.7,828.09,543.36,4.2,8,1.509,1,0,0.242372847,0.096250097,493.1557688,493.1557688,Old Road,H,R,Core
616,EB6,EB6,MJP,AMRO,2009,EB6-09,06-16_2009,1,4,212,148.7,828.09,543.36,4.2,8,1.509,1,0,0.242372847,0.096250097,493.1557688,493.1557688,Old Road,H,R,Core
616,EB6,EB6,MJP,AMRO,2009,EB6-09,06-16_2009,1,4,216,148.7,828.09,543.36,4.2,8,1.509,1,0,0.242372847,0.096250097,493.1557688,493.1557688,Old Road,H,R,Core
617,EB6,EB6,MJP,AMRO,2009,EB6-09,06-17F_2009,1,5,195,147.1,982.08,594.85,4.2,8,1.509,1,0,0.241419912,0.095363601,493.1557688,493.1557688,Old Road,H,R,Core
617,EB6,EB6,MJP,AMRO,2009,EB6-09,06-17F_2009,1,3,198,147.1,982.08,594.85,4.2,8,1.509,1,0,0.241419912,0.095363601,493.1557688,493.1557688,Old Road,H,R,Core
617,EB6,EB6,MJP,AMRO,2009,EB6-09,06-17F_2009,0,5,203,147.1,982.08,594.85,4.2,8,1.509,1,0,0.241419912,0.095363601,493.1557688,493.1557688,Old Road,H,R,Core
619,EB6,EB6,MJP,AMRO,2009,EB6-09,06-19_2009,1,3,198,39.8,767.85,476.55,4.2,8,1.509,0.981588032,0.018411968,0.242655864,0.095309035,493.1557688,493.1557688,Old Road,H,R,Core
619,EB6,EB6,MJP,AMRO,2009,EB6-09,06-19_2009,1,5,203,39.8,767.85,476.55,4.2,8,1.509,0.981588032,0.018411968,0.242655864,0.095309035,493.1557688,493.1557688,Old Road,H,R,Core
619,EB6,EB6,MJP,AMRO,2009,EB6-09,06-19_2009,0,5,208,39.8,767.85,476.55,4.2,8,1.509,0.981588032,0.018411968,0.242655864,0.095309035,493.1557688,493.1557688,Old Road,H,R,Core
620,EB6,EB6,MJP,AMRO,2009,EB6-09,06-20_2009,1,5,203,103.2,886.58,491.91,4.2,8,1.509,1,0,0.241453702,0.094980518,493.1557688,493.1557688,Old Road,H,R,Core
701,EB7,EB7,MJP,AMRO,2009,EB7-09,07-01_2009,1,4,145,34.4,967.52,375.75,4.8,7.3,1.509,1,0,0.240075062,0.093730035,493.1557688,493.1557688,Old Road,H,R,Core
701,EB7,EB7,MJP,AMRO,2009,EB7-09,07-01_2009,1,5,150,34.4,967.52,375.75,4.8,7.3,1.509,1,0,0.240075062,0.093730035,493.1557688,493.1557688,Old Road,H,R,Core
701,EB7,EB7,MJP,AMRO,2009,EB7-09,07-01_2009,1,4,154,34.4,967.52,375.75,4.8,7.3,1.509,1,0,0.240075062,0.093730035,493.1557688,493.1557688,Old Road,H,R,Core
701,EB7,EB7,MJP,AMRO,2009,EB7-09,07-01_2009,1,4,158,34.4,967.52,375.75,4.8,7.3,1.509,1,0,0.240075062,0.093730035,493.1557688,493.1557688,Old Road,H,R,Core
701,EB7,EB7,MJP,AMRO,2009,EB7-09,07-01_2009,0,4,162,34.4,967.52,375.75,4.8,7.3,1.509,1,0,0.240075062,0.093730035,493.1557688,493.1557688,Old Road,H,R,Core
703,EB7,EB7,MJP,AMRO,2009,EB7-09,07-03_2009,1,4,154,61.4,843.31,482,4.8,7.3,1.509,0.988545246,0.011454754,0.24137931,0.093844902,493.1557688,493.1557688,Old Road,H,R,Core
703,EB7,EB7,MJP,AMRO,2009,EB7-09,07-03_2009,1,4,158,61.4,843.31,482,4.8,7.3,1.509,0.988545246,0.011454754,0.24137931,0.093844902,493.1557688,493.1557688,Old Road,H,R,Core
703,EB7,EB7,MJP,AMRO,2009,EB7-09,07-03_2009,1,4,162,61.4,843.31,482,4.8,7.3,1.509,0.988545246,0.011454754,0.24137931,0.093844902,493.1557688,493.1557688,Old Road,H,R,Core
703,EB7,EB7,MJP,AMRO,2009,EB7-09,07-03_2009,1,5,167,61.4,843.31,482,4.8,7.3,1.509,0.988545246,0.011454754,0.24137931,0.093844902,493.1557688,493.1557688,Old Road,H,R,Core
703,EB7,EB7,MJP,AMRO,2009,EB7-09,07-03_2009,1,4,171,61.4,843.31,482,4.8,7.3,1.509,0.988545246,0.011454754,0.24137931,0.093844902,493.1557688,493.1557688,Old Road,H,R,Core
703,EB7,EB7,MJP,AMRO,2009,EB7-09,07-03_2009,1,4,175,61.4,843.31,482,4.8,7.3,1.509,0.988545246,0.011454754,0.24137931,0.093844902,493.1557688,493.1557688,Old Road,H,R,Core
705,EB7,EB7,MJP,AMRO,2009,EB7-09,07-05_2009,1,4,158,63.3,949.37,407.85,4.8,7.3,1.509,1,0,0.240469049,0.094319676,493.1557688,493.1557688,Old Road,H,R,Core
705,EB7,EB7,MJP,AMRO,2009,EB7-09,07-05_2009,1,4,162,63.3,949.37,407.85,4.8,7.3,1.509,1,0,0.240469049,0.094319676,493.1557688,493.1557688,Old Road,H,R,Core
705,EB7,EB7,MJP,AMRO,2009,EB7-09,07-05_2009,1,5,167,63.3,949.37,407.85,4.8,7.3,1.509,1,0,0.240469049,0.094319676,493.1557688,493.1557688,Old Road,H,R,Core
705,EB7,EB7,MJP,AMRO,2009,EB7-09,07-05_2009,1,4,171,63.3,949.37,407.85,4.8,7.3,1.509,1,0,0.240469049,0.094319676,493.1557688,493.1557688,Old Road,H,R,Core
705,EB7,EB7,MJP,AMRO,2009,EB7-09,07-05_2009,1,4,175,63.3,949.37,407.85,4.8,7.3,1.509,1,0,0.240469049,0.094319676,493.1557688,493.1557688,Old Road,H,R,Core
706,EB7,EB7,MJP,AMRO,2009,EB7-09,07-06_2009,1,4,162,16.8,906.62,443.84,4.8,7.3,1.509,1,0,0.240849816,0.094189031,493.1557688,493.1557688,Old Road,H,R,Core
706,EB7,EB7,MJP,AMRO,2009,EB7-09,07-06_2009,0,5,167,16.8,906.62,443.84,4.8,7.3,1.509,1,0,0.240849816,0.094189031,493.1557688,493.1557688,Old Road,H,R,Core
711,EB7,EB7,MJP,AMRO,2009,EB7-09,07-11_2009,1,4,179,15.9,919.19,373.3,4.8,7.3,1.509,1,0,0.239986937,0.093185015,493.1557688,493.1557688,Old Road,H,R,Core
711,EB7,EB7,MJP,AMRO,2009,EB7-09,07-11_2009,0,3,182,15.9,919.19,373.3,4.8,7.3,1.509,1,0,0.239986937,0.093185015,493.1557688,493.1557688,Old Road,H,R,Core
713,EB7,EB7,MJP,AMRO,2009,EB7-09,07-13_2009,0,3,182,6.5,887.51,459.2,4.8,7.3,1.509,0.998857143,0.001142857,0.241053012,0.094105244,493.1557688,493.1557688,Old Road,H,R,Core
715,EB7,EB7,MJP,AMRO,2009,EB7-09,07-15_2009,1,3,190,69.6,927.69,436.97,4.8,7.3,1.509,1,0,0.240820793,0.094523558,493.1557688,493.1557688,Old Road,H,R,Core
715,EB7,EB7,MJP,AMRO,2009,EB7-09,07-15_2009,1,5,195,69.6,927.69,436.97,4.8,7.3,1.509,1,0,0.240820793,0.094523558,493.1557688,493.1557688,Old Road,H,R,Core
715,EB7,EB7,MJP,AMRO,2009,EB7-09,07-15_2009,1,3,198,69.6,927.69,436.97,4.8,7.3,1.509,1,0,0.240820793,0.094523558,493.1557688,493.1557688,Old Road,H,R,Core
715,EB7,EB7,MJP,AMRO,2009,EB7-09,07-15_2009,1,5,203,69.6,927.69,436.97,4.8,7.3,1.509,1,0,0.240820793,0.094523558,493.1557688,493.1557688,Old Road,H,R,Core
715,EB7,EB7,MJP,AMRO,2009,EB7-09,07-15_2009,1,5,208,69.6,927.69,436.97,4.8,7.3,1.509,1,0,0.240820793,0.094523558,493.1557688,493.1557688,Old Road,H,R,Core
717,EB7,EB7,MJP,AMRO,2009,EB7-09,07-17_2009,0,5,208,15.6,934.52,405.83,4.8,7.3,1.509,1,0,0.240333241,0.09356638,493.1557688,493.1557688,Old Road,H,R,Core
801,SH2,SH2,MJP,AMRO,2009,SH2-09,08-01_2009,1,1,150,37.8,213.99,200.16,1.8,7.2,2.839,0.447880871,0.241695304,0.254308715,0.092866556,38.55792105,38.55792105,Old Road,L,C,Core
801,SH2,SH2,MJP,AMRO,2009,SH2-09,08-01_2009,1,4,154,37.8,213.99,200.16,1.8,7.2,2.839,0.447880871,0.241695304,0.254308715,0.092866556,38.55792105,38.55792105,Old Road,L,C,Core
801,SH2,SH2,MJP,AMRO,2009,SH2-09,08-01_2009,0,4,158,37.8,213.99,200.16,1.8,7.2,2.839,0.447880871,0.241695304,0.254308715,0.092866556,38.55792105,38.55792105,Old Road,L,C,Core
802,SH2,SH2,MJP,AMRO,2009,SH2-09,08-02_2009,1,1,150,117.3,193.44,137.37,1.8,7.2,2.839,0.62183908,0.149425287,0.253525484,0.093634793,38.55792105,38.55792105,Old Road,L,C,Core
802,SH2,SH2,MJP,AMRO,2009,SH2-09,08-02_2009,1,4,154,117.3,193.44,137.37,1.8,7.2,2.839,0.62183908,0.149425287,0.253525484,0.093634793,38.55792105,38.55792105,Old Road,L,C,Core
802,SH2,SH2,MJP,AMRO,2009,SH2-09,08-02_2009,0,4,158,117.3,193.44,137.37,1.8,7.2,2.839,0.62183908,0.149425287,0.253525484,0.093634793,38.55792105,38.55792105,Old Road,L,C,Core
803,SH2,SH2,MJP,AMRO,2009,SH2-09,08-03_2009,1,1,150,65.6,172.56,166.14,1.8,7.2,2.839,0.389207807,0.222732491,0.253476659,0.093026054,38.55792105,38.55792105,Old Road,L,C,Core
803,SH2,SH2,MJP,AMRO,2009,SH2-09,08-03_2009,1,4,154,65.6,172.56,166.14,1.8,7.2,2.839,0.389207807,0.222732491,0.253476659,0.093026054,38.55792105,38.55792105,Old Road,L,C,Core
803,SH2,SH2,MJP,AMRO,2009,SH2-09,08-03_2009,0,4,158,65.6,172.56,166.14,1.8,7.2,2.839,0.389207807,0.222732491,0.253476659,0.093026054,38.55792105,38.55792105,Old Road,L,C,Core
804,SH2,SH2,MJP,AMRO,2009,SH2-09,08-04_2009,1,4,158,64.3,309.23,277.75,1.8,7.2,2.839,0.459428571,0.225142857,0.254213302,0.093235512,38.55792105,38.55792105,Old Road,L,C,Core
804,SH2,SH2,MJP,AMRO,2009,SH2-09,08-04_2009,1,4,162,64.3,309.23,277.75,1.8,7.2,2.839,0.459428571,0.225142857,0.254213302,0.093235512,38.55792105,38.55792105,Old Road,L,C,Core
808,SH2,SH2,MJP,AMRO,2009,SH2-09,08-08_2009,0,4,162,7.2,148.79,129.49,1.8,7.2,2.839,0.457762557,0.229452055,0.254359832,0.092521828,38.55792105,38.55792105,Old Road,L,C,Core
810,SH2,SH2,MJP,AMRO,2009,SH2-09,08-10_2009,1,5,172,119.8,39.61,37.75,1.8,7.2,2.839,0.484571429,0.249142857,0.25626871,0.092238058,23.89888927,0,Old Road,L,C,Edge
810,SH2,SH2,MJP,AMRO,2009,SH2-09,08-10_2009,1,3,175,119.8,39.61,37.75,1.8,7.2,2.839,0.484571429,0.249142857,0.25626871,0.092238058,23.89888927,0,Old Road,L,C,Edge
810,SH2,SH2,MJP,AMRO,2009,SH2-09,08-10_2009,1,4,179,119.8,39.61,37.75,1.8,7.2,2.839,0.484571429,0.249142857,0.25626871,0.092238058,23.89888927,0,Old Road,L,C,Edge
810,SH2,SH2,MJP,AMRO,2009,SH2-09,08-10_2009,1,3,182,119.8,39.61,37.75,1.8,7.2,2.839,0.484571429,0.249142857,0.25626871,0.092238058,23.89888927,0,Old Road,L,C,Edge
810,SH2,SH2,MJP,AMRO,2009,SH2-09,08-10_2009,1,5,187,119.8,39.61,37.75,1.8,7.2,2.839,0.484571429,0.249142857,0.25626871,0.092238058,23.89888927,0,Old Road,L,C,Edge
810,SH2,SH2,MJP,AMRO,2009,SH2-09,08-10_2009,1,3,190,119.8,39.61,37.75,1.8,7.2,2.839,0.484571429,0.249142857,0.25626871,0.092238058,23.89888927,0,Old Road,L,C,Edge
810,SH2,SH2,MJP,AMRO,2009,SH2-09,08-10_2009,1,5,195,119.8,39.61,37.75,1.8,7.2,2.839,0.484571429,0.249142857,0.25626871,0.092238058,23.89888927,0,Old Road,L,C,Edge
1206,LR2,LR2,MJP,AMRO,2009,LR2-09,12-06_2009,1,5,188,205.8,647.27,349.25,2.7,9.7,0,0.808266361,0.107921929,0.277182337,0.099151676,2754.734404,2754.734404,Old Road,L,R,Core
1206,LR2,LR2,MJP,AMRO,2009,LR2-09,12-06_2009,1,5,193,205.8,647.27,349.25,2.7,9.7,0,0.808266361,0.107921929,0.277182337,0.099151676,2754.734404,2754.734404,Old Road,L,R,Core
1206,LR2,LR2,MJP,AMRO,2009,LR2-09,12-06_2009,1,3,196,205.8,647.27,349.25,2.7,9.7,0,0.808266361,0.107921929,0.277182337,0.099151676,2754.734404,2754.734404,Old Road,L,R,Core
1206,LR2,LR2,MJP,AMRO,2009,LR2-09,12-06_2009,1,5,201,205.8,647.27,349.25,2.7,9.7,0,0.808266361,0.107921929,0.277182337,0.099151676,2754.734404,2754.734404,Old Road,L,R,Core
1206,LR2,LR2,MJP,AMRO,2009,LR2-09,12-06_2009,1,5,206,205.8,647.27,349.25,2.7,9.7,0,0.808266361,0.107921929,0.277182337,0.099151676,2754.734404,2754.734404,Old Road,L,R,Core
1206,LR2,LR2,MJP,AMRO,2009,LR2-09,12-06_2009,1,3,209,205.8,647.27,349.25,2.7,9.7,0,0.808266361,0.107921929,0.277182337,0.099151676,2754.734404,2754.734404,Old Road,L,R,Core
1402,LR4,LR4,MJP,AMRO,2009,LR4-09,14-02_2009,1,5,168,253.5,731.17,447.91,0.9,4.5,0,NA,NA,NA,NA,NA,NA,Old Road,L,R,NA
1402,LR4,LR4,MJP,AMRO,2009,LR4-09,14-02_2009,1,5,173,253.5,731.17,447.91,0.9,4.5,0,NA,NA,NA,NA,NA,NA,Old Road,L,R,NA
1402,LR4,LR4,MJP,AMRO,2009,LR4-09,14-02_2009,1,3,176,253.5,731.17,447.91,0.9,4.5,0,NA,NA,NA,NA,NA,NA,Old Road,L,R,NA
1501,BR5,BR5,MJP,AMRO,2009,BR5-09,15-01_2009,1,5,160,136.4,730.61,116.39,1.2,5,0,0.785304248,0.176808266,0.258868794,0.090230647,1031.448861,1031.448861,Constructed,L,C,Core
1501,BR5,BR5,MJP,AMRO,2009,BR5-09,15-01_2009,1,3,163,136.4,730.61,116.39,1.2,5,0,0.785304248,0.176808266,0.258868794,0.090230647,1031.448861,1031.448861,Constructed,L,C,Core
1501,BR5,BR5,MJP,AMRO,2009,BR5-09,15-01_2009,1,4,167,136.4,730.61,116.39,1.2,5,0,0.785304248,0.176808266,0.258868794,0.090230647,1031.448861,1031.448861,Constructed,L,C,Core
1501,BR5,BR5,MJP,AMRO,2009,BR5-09,15-01_2009,1,6,173,136.4,730.61,116.39,1.2,5,0,0.785304248,0.176808266,0.258868794,0.090230647,1031.448861,1031.448861,Constructed,L,C,Core
1604,BR6,BR6,MJP,AMRO,2009,BR6-09,16-04_2009,1,16,176,238.1,643.52,551.75,1.9,5.1,0,1,0,0.253350446,0.089649858,1031.448861,1031.448861,Constructed,L,C,Core
1604,BR6,BR6,MJP,AMRO,2009,BR6-09,16-04_2009,1,4,180,238.1,643.52,551.75,1.9,5.1,0,1,0,0.253350446,0.089649858,1031.448861,1031.448861,Constructed,L,C,Core
1604,BR6,BR6,MJP,AMRO,2009,BR6-09,16-04_2009,1,3,183,238.1,643.52,551.75,1.9,5.1,0,1,0,0.253350446,0.089649858,1031.448861,1031.448861,Constructed,L,C,Core
1604,BR6,BR6,MJP,AMRO,2009,BR6-09,16-04_2009,1,5,188,238.1,643.52,551.75,1.9,5.1,0,1,0,0.253350446,0.089649858,1031.448861,1031.448861,Constructed,L,C,Core
1604,BR6,BR6,MJP,AMRO,2009,BR6-09,16-04_2009,1,5,193,238.1,643.52,551.75,1.9,5.1,0,1,0,0.253350446,0.089649858,1031.448861,1031.448861,Constructed,L,C,Core
1701,BR7,BR7,MJP,AMRO,2009,BR7-09,17-01_2009,0,4,152,121.9,945.32,767.83,1.1,5.9,0,1,0,0.25157712,0.08839893,1031.448861,1031.448861,Constructed,L,C,Core
1803,BH8,BH8,MJP,AMRO,2009,BH8-09,18-03_2009,1,4,150,96.3,391.62,314.11,0.9,7,0,0.989667049,0.010332951,0.282188571,0.098854664,2754.734404,2754.734404,Constructed,L,C,Core
1803,BH8,BH8,MJP,AMRO,2009,BH8-09,18-03_2009,1,3,153,96.3,391.62,314.11,0.9,7,0,0.989667049,0.010332951,0.282188571,0.098854664,2754.734404,2754.734404,Constructed,L,C,Core
1803,BH8,BH8,MJP,AMRO,2009,BH8-09,18-03_2009,1,3,156,96.3,391.62,314.11,0.9,7,0,0.989667049,0.010332951,0.282188571,0.098854664,2754.734404,2754.734404,Constructed,L,C,Core
1803,BH8,BH8,MJP,AMRO,2009,BH8-09,18-03_2009,1,5,161,96.3,391.62,314.11,0.9,7,0,0.989667049,0.010332951,0.282188571,0.098854664,2754.734404,2754.734404,Constructed,L,C,Core
1803,BH8,BH8,MJP,AMRO,2009,BH8-09,18-03_2009,1,5,166,96.3,391.62,314.11,0.9,7,0,0.989667049,0.010332951,0.282188571,0.098854664,2754.734404,2754.734404,Constructed,L,C,Core
1803,BH8,BH8,MJP,AMRO,2009,BH8-09,18-03_2009,1,4,170,96.3,391.62,314.11,0.9,7,0,0.989667049,0.010332951,0.282188571,0.098854664,2754.734404,2754.734404,Constructed,L,C,Core
1806,BH8,BH8,MJP,AMRO,2009,BH8-09,18-06_2009,1,3,177,74.5,387.6,302.12,0.9,7,0,0.989678899,0.010321101,0.282246166,0.098837726,2754.734404,2754.734404,Constructed,L,C,Core
1806,BH8,BH8,MJP,AMRO,2009,BH8-09,18-06_2009,1,4,181,74.5,387.6,302.12,0.9,7,0,0.989678899,0.010321101,0.282246166,0.098837726,2754.734404,2754.734404,Constructed,L,C,Core
1806,BH8,BH8,MJP,AMRO,2009,BH8-09,18-06_2009,1,4,185,74.5,387.6,302.12,0.9,7,0,0.989678899,0.010321101,0.282246166,0.098837726,2754.734404,2754.734404,Constructed,L,C,Core
1806,BH8,BH8,MJP,AMRO,2009,BH8-09,18-06_2009,1,4,189,74.5,387.6,302.12,0.9,7,0,0.989678899,0.010321101,0.282246166,0.098837726,2754.734404,2754.734404,Constructed,L,C,Core
1806,BH8,BH8,MJP,AMRO,2009,BH8-09,18-06_2009,1,5,194,74.5,387.6,302.12,0.9,7,0,0.989678899,0.010321101,0.282246166,0.098837726,2754.734404,2754.734404,Constructed,L,C,Core
1806,BH8,BH8,MJP,AMRO,2009,BH8-09,18-06_2009,1,3,197,74.5,387.6,302.12,0.9,7,0,0.989678899,0.010321101,0.282246166,0.098837726,2754.734404,2754.734404,Constructed,L,C,Core
1806,BH8,BH8,MJP,AMRO,2009,BH8-09,18-06_2009,1,4,201,74.5,387.6,302.12,0.9,7,0,0.989678899,0.010321101,0.282246166,0.098837726,2754.734404,2754.734404,Constructed,L,C,Core
1806,BH8,BH8,MJP,AMRO,2009,BH8-09,18-06_2009,1,5,206,74.5,387.6,302.12,0.9,7,0,0.989678899,0.010321101,0.282246166,0.098837726,2754.734404,2754.734404,Constructed,L,C,Core
BH1-AMRO-1,BH1,BH1,MAH,AMRO,2012,BH1-12,BH1-AMRO-1_2012,2,0,156,11.43,565.54,13.71,0.53,3.133333333,0.11,1,0,0.282591942,0.09818336,2754.734404,2754.734404,Constructed,L,C,Core
BH1-AMRO-1,BH1,BH1,MAH,AMRO,2012,BH1-12,BH1-AMRO-1_2012,1,3,159,11.43,565.54,13.71,0.53,3.133333333,0.11,1,0,0.282591942,0.09818336,2754.734404,2754.734404,Constructed,L,C,Core
BH1-AMRO-1,BH1,BH1,MAH,AMRO,2012,BH1-12,BH1-AMRO-1_2012,0,3,162,11.43,565.54,13.71,0.53,3.133333333,0.11,1,0,0.282591942,0.09818336,2754.734404,2754.734404,Constructed,L,C,Core
BH1-AMRO-1,BH1,BH1,MAH,AMRO,2012,BH1-12,BH1-AMRO-1_2012,0,0,165,11.43,565.54,13.71,0.53,3.133333333,0.11,1,0,0.282591942,0.09818336,2754.734404,2754.734404,Constructed,L,C,Core
BH1-AMRO-1,BH1,BH1,MAH,AMRO,2012,BH1-12,BH1-AMRO-1_2012,0,0,168,11.43,565.54,13.71,0.53,3.133333333,0.11,1,0,0.282591942,0.09818336,2754.734404,2754.734404,Constructed,L,C,Core
BH1-AMRO-1,BH1,BH1,MAH,AMRO,2012,BH1-12,BH1-AMRO-1_2012,0,0,171,11.43,565.54,13.71,0.53,3.133333333,0.11,1,0,0.282591942,0.09818336,2754.734404,2754.734404,Constructed,L,C,Core
BH1-AMRO-1,BH1,BH1,MAH,AMRO,2012,BH1-12,BH1-AMRO-1_2012,0,0,174,11.43,565.54,13.71,0.53,3.133333333,0.11,1,0,0.282591942,0.09818336,2754.734404,2754.734404,Constructed,L,C,Core
CP4-AMRO-2,CP4,BRN,MAH,AMRO,2012,CP4-12,CP4-AMRO-2_2012,2,0,157,598.8,578.58,542.04,1.29,6.00589,0,1,0,0.252206521,0.08950696,1031.448861,1031.448861,Constructed,L,I,Core
CP4-AMRO-2,CP4,BRN,MAH,AMRO,2012,CP4-12,CP4-AMRO-2_2012,1,3,160,598.8,578.58,542.04,1.29,6.00589,0,1,0,0.252206521,0.08950696,1031.448861,1031.448861,Constructed,L,I,Core
CP4-AMRO-2,CP4,BRN,MAH,AMRO,2012,CP4-12,CP4-AMRO-2_2012,1,3,163,598.8,578.58,542.04,1.29,6.00589,0,1,0,0.252206521,0.08950696,1031.448861,1031.448861,Constructed,L,I,Core
CP4-AMRO-2,CP4,BRN,MAH,AMRO,2012,CP4-12,CP4-AMRO-2_2012,1,3,166,598.8,578.58,542.04,1.29,6.00589,0,1,0,0.252206521,0.08950696,1031.448861,1031.448861,Constructed,L,I,Core
CP4-AMRO-2,CP4,BRN,MAH,AMRO,2012,CP4-12,CP4-AMRO-2_2012,1,3,169,598.8,578.58,542.04,1.29,6.00589,0,1,0,0.252206521,0.08950696,1031.448861,1031.448861,Constructed,L,I,Core
CP4-AMRO-2,CP4,BRN,MAH,AMRO,2012,CP4-12,CP4-AMRO-2_2012,1,3,172,598.8,578.58,542.04,1.29,6.00589,0,1,0,0.252206521,0.08950696,1031.448861,1031.448861,Constructed,L,I,Core
CP4-AMRO-2,CP4,BRN,MAH,AMRO,2012,CP4-12,CP4-AMRO-2_2012,1,3,175,598.8,578.58,542.04,1.29,6.00589,0,1,0,0.252206521,0.08950696,1031.448861,1031.448861,Constructed,L,I,Core
CP4-AMRO-2,CP4,BRN,MAH,AMRO,2012,CP4-12,CP4-AMRO-2_2012,1,3,178,598.8,578.58,542.04,1.29,6.00589,0,1,0,0.252206521,0.08950696,1031.448861,1031.448861,Constructed,L,I,Core
EBS-AMRO-2,EBS,EBS,MAH,AMRO,2012,EBS-12,EBS-AMRO-2_2012,2,0,174,32.99,438.57,0,2.37,3.8,4,0.609644087,0.213547646,0.238074913,0.090482274,493.1557688,493.1557688,Old Road,H,R,Core
EBS-AMRO-2,EBS,EBS,MAH,AMRO,2012,EBS-12,EBS-AMRO-2_2012,1,3,177,32.99,438.57,0,2.37,3.8,4,0.609644087,0.213547646,0.238074913,0.090482274,493.1557688,493.1557688,Old Road,H,R,Core
EBS-AMRO-2,EBS,EBS,MAH,AMRO,2012,EBS-12,EBS-AMRO-2_2012,1,3,180,32.99,438.57,0,2.37,3.8,4,0.609644087,0.213547646,0.238074913,0.090482274,493.1557688,493.1557688,Old Road,H,R,Core
EBS-AMRO-2,EBS,EBS,MAH,AMRO,2012,EBS-12,EBS-AMRO-2_2012,1,2,182,32.99,438.57,0,2.37,3.8,4,0.609644087,0.213547646,0.238074913,0.090482274,493.1557688,493.1557688,Old Road,H,R,Core
EBS-AMRO-2,EBS,EBS,MAH,AMRO,2012,EBS-12,EBS-AMRO-2_2012,1,7,189,32.99,438.57,0,2.37,3.8,4,0.609644087,0.213547646,0.238074913,0.090482274,493.1557688,493.1557688,Old Road,H,R,Core
EBW-AMRO-1,EBW,EBW,MAH,AMRO,2012,EBW-12,EBW-AMRO-1_2012,2,0,151,3.05,787.88,460.67,3.23,4.266666667,3.55,0.97826087,0.019450801,0.242272146,0.094639348,493.1557688,493.1557688,Old Road,H,R,Core
EBW-AMRO-1,EBW,EBW,MAH,AMRO,2012,EBW-12,EBW-AMRO-1_2012,1,3,154,3.05,787.88,460.67,3.23,4.266666667,3.55,0.97826087,0.019450801,0.242272146,0.094639348,493.1557688,493.1557688,Old Road,H,R,Core
EBW-AMRO-1,EBW,EBW,MAH,AMRO,2012,EBW-12,EBW-AMRO-1_2012,1,3,157,3.05,787.88,460.67,3.23,4.266666667,3.55,0.97826087,0.019450801,0.242272146,0.094639348,493.1557688,493.1557688,Old Road,H,R,Core
EBW-AMRO-1,EBW,EBW,MAH,AMRO,2012,EBW-12,EBW-AMRO-1_2012,0,3,160,3.05,787.88,460.67,3.23,4.266666667,3.55,0.97826087,0.019450801,0.242272146,0.094639348,493.1557688,493.1557688,Old Road,H,R,Core
EBW-AMRO-1,EBW,EBW,MAH,AMRO,2012,EBW-12,EBW-AMRO-1_2012,0,0,163,3.05,787.88,460.67,3.23,4.266666667,3.55,0.97826087,0.019450801,0.242272146,0.094639348,493.1557688,493.1557688,Old Road,H,R,Core
EBW-AMRO-1,EBW,EBW,MAH,AMRO,2012,EBW-12,EBW-AMRO-1_2012,0,0,166,3.05,787.88,460.67,3.23,4.266666667,3.55,0.97826087,0.019450801,0.242272146,0.094639348,493.1557688,493.1557688,Old Road,H,R,Core
EBW-AMRO-1,EBW,EBW,MAH,AMRO,2012,EBW-12,EBW-AMRO-1_2012,0,0,169,3.05,787.88,460.67,3.23,4.266666667,3.55,0.97826087,0.019450801,0.242272146,0.094639348,493.1557688,493.1557688,Old Road,H,R,Core
EBW-AMRO-2,EBW,EBW,MAH,AMRO,2012,EBW-12,EBW-AMRO-2_2012,2,0,151,106.11,745.4,495.74,3.23,4.266666667,3.55,0.985040276,0.014959724,0.24309196,0.096377397,493.1557688,493.1557688,Old Road,H,R,Core
EBW-AMRO-2,EBW,EBW,MAH,AMRO,2012,EBW-12,EBW-AMRO-2_2012,0,3,154,106.11,745.4,495.74,3.23,4.266666667,3.55,0.985040276,0.014959724,0.24309196,0.096377397,493.1557688,493.1557688,Old Road,H,R,Core
EBW-AMRO-4,EBW,EBW,MAH,AMRO,2012,EBW-12,EBW-AMRO-4_2012,2,0,166,0.51,125.13,90.62,3.23,4.266666667,3.55,0.493699885,0.158075601,0.248881288,0.098715987,493.1557688,493.1557688,Old Road,H,R,Core
EBW-AMRO-4,EBW,EBW,MAH,AMRO,2012,EBW-12,EBW-AMRO-4_2012,1,3,169,0.51,125.13,90.62,3.23,4.266666667,3.55,0.493699885,0.158075601,0.248881288,0.098715987,493.1557688,493.1557688,Old Road,H,R,Core
EBW-AMRO-4,EBW,EBW,MAH,AMRO,2012,EBW-12,EBW-AMRO-4_2012,1,3,172,0.51,125.13,90.62,3.23,4.266666667,3.55,0.493699885,0.158075601,0.248881288,0.098715987,493.1557688,493.1557688,Old Road,H,R,Core
EBW-AMRO-4,EBW,EBW,MAH,AMRO,2012,EBW-12,EBW-AMRO-4_2012,1,3,175,0.51,125.13,90.62,3.23,4.266666667,3.55,0.493699885,0.158075601,0.248881288,0.098715987,493.1557688,493.1557688,Old Road,H,R,Core
EBW-AMRO-4,EBW,EBW,MAH,AMRO,2012,EBW-12,EBW-AMRO-4_2012,1,3,178,0.51,125.13,90.62,3.23,4.266666667,3.55,0.493699885,0.158075601,0.248881288,0.098715987,493.1557688,493.1557688,Old Road,H,R,Core
EBW-AMRO-4,EBW,EBW,MAH,AMRO,2012,EBW-12,EBW-AMRO-4_2012,0,3,181,0.51,125.13,90.62,3.23,4.266666667,3.55,0.493699885,0.158075601,0.248881288,0.098715987,493.1557688,493.1557688,Old Road,H,R,Core
EBW-AMRO-5,EBW,EBW,MAH,AMRO,2012,EBW-12,EBW-AMRO-5_2012,2,0,172,15.99,819.73,489.49,3.23,4.266666667,3.55,0.988545246,0.011454754,0.241976978,0.094522973,493.1557688,493.1557688,Old Road,H,R,Core
EBW-AMRO-5,EBW,EBW,MAH,AMRO,2012,EBW-12,EBW-AMRO-5_2012,1,3,175,15.99,819.73,489.49,3.23,4.266666667,3.55,0.988545246,0.011454754,0.241976978,0.094522973,493.1557688,493.1557688,Old Road,H,R,Core
EBW-AMRO-5,EBW,EBW,MAH,AMRO,2012,EBW-12,EBW-AMRO-5_2012,0,3,178,15.99,819.73,489.49,3.23,4.266666667,3.55,0.988545246,0.011454754,0.241976978,0.094522973,493.1557688,493.1557688,Old Road,H,R,Core
EBW-AMRO-5,EBW,EBW,MAH,AMRO,2012,EBW-12,EBW-AMRO-5_2012,0,0,181,15.99,819.73,489.49,3.23,4.266666667,3.55,0.988545246,0.011454754,0.241976978,0.094522973,493.1557688,493.1557688,Old Road,H,R,Core
SHT-AMRO-1,SHT,SHT,MAH,AMRO,2012,SHT-12,SHT-AMRO-1_2012,2,0,143,69.29,443.59,243.51,1.4,5.833333333,0.04,0.696796339,0.125858124,0.263749108,0.096442149,188.4612781,188.4612781,Old Road,L,R,Core
SHT-AMRO-1,SHT,SHT,MAH,AMRO,2012,SHT-12,SHT-AMRO-1_2012,1,0,143,69.29,443.59,243.51,1.4,5.833333333,0.04,0.696796339,0.125858124,0.263749108,0.096442149,188.4612781,188.4612781,Old Road,L,R,Core
SHT-AMRO-1,SHT,SHT,MAH,AMRO,2012,SHT-12,SHT-AMRO-1_2012,0,2,145,69.29,443.59,243.51,1.4,5.833333333,0.04,0.696796339,0.125858124,0.263749108,0.096442149,188.4612781,188.4612781,Old Road,L,R,Core
SHT-AMRO-1,SHT,SHT,MAH,AMRO,2012,SHT-12,SHT-AMRO-1_2012,NA,0,150,69.29,443.59,243.51,1.4,5.833333333,0.04,0.696796339,0.125858124,0.263749108,0.096442149,188.4612781,188.4612781,Old Road,L,R,Core
SHT-AMRO-1,SHT,SHT,MAH,AMRO,2012,SHT-12,SHT-AMRO-1_2012,NA,0,153,69.29,443.59,243.51,1.4,5.833333333,0.04,0.696796339,0.125858124,0.263749108,0.096442149,188.4612781,188.4612781,Old Road,L,R,Core
SHT-AMRO-1,SHT,SHT,MAH,AMRO,2012,SHT-12,SHT-AMRO-1_2012,NA,0,156,69.29,443.59,243.51,1.4,5.833333333,0.04,0.696796339,0.125858124,0.263749108,0.096442149,188.4612781,188.4612781,Old Road,L,R,Core
SHT-AMRO-1,SHT,SHT,MAH,AMRO,2012,SHT-12,SHT-AMRO-1_2012,NA,0,159,69.29,443.59,243.51,1.4,5.833333333,0.04,0.696796339,0.125858124,0.263749108,0.096442149,188.4612781,188.4612781,Old Road,L,R,Core
SHT-AMRO-1,SHT,SHT,MAH,AMRO,2012,SHT-12,SHT-AMRO-1_2012,NA,0,162,69.29,443.59,243.51,1.4,5.833333333,0.04,0.696796339,0.125858124,0.263749108,0.096442149,188.4612781,188.4612781,Old Road,L,R,Core
SHT-AMRO-1,SHT,SHT,MAH,AMRO,2012,SHT-12,SHT-AMRO-1_2012,NA,0,165,69.29,443.59,243.51,1.4,5.833333333,0.04,0.696796339,0.125858124,0.263749108,0.096442149,188.4612781,188.4612781,Old Road,L,R,Core
SHT-AMRO-1,SHT,SHT,MAH,AMRO,2012,SHT-12,SHT-AMRO-1_2012,NA,0,168,69.29,443.59,243.51,1.4,5.833333333,0.04,0.696796339,0.125858124,0.263749108,0.096442149,188.4612781,188.4612781,Old Road,L,R,Core
SHT-AMRO-1,SHT,SHT,MAH,AMRO,2012,SHT-12,SHT-AMRO-1_2012,NA,0,171,69.29,443.59,243.51,1.4,5.833333333,0.04,0.696796339,0.125858124,0.263749108,0.096442149,188.4612781,188.4612781,Old Road,L,R,Core
SHT-AMRO-1,SHT,SHT,MAH,AMRO,2012,SHT-12,SHT-AMRO-1_2012,NA,0,174,69.29,443.59,243.51,1.4,5.833333333,0.04,0.696796339,0.125858124,0.263749108,0.096442149,188.4612781,188.4612781,Old Road,L,R,Core
SHT-AMRO-1,SHT,SHT,MAH,AMRO,2012,SHT-12,SHT-AMRO-1_2012,NA,0,180,69.29,443.59,243.51,1.4,5.833333333,0.04,0.696796339,0.125858124,0.263749108,0.096442149,188.4612781,188.4612781,Old Road,L,R,Core
SHT-AMRO-2,SHT,SHT,MAH,AMRO,2012,SHT-12,SHT-AMRO-2_2012,2,0,165,62.82,298.99,197.23,1.4,5.833333333,0.04,0.564073227,0.193363844,0.265462795,0.095824644,188.4612781,188.4612781,Old Road,L,R,Core
SHT-AMRO-2,SHT,SHT,MAH,AMRO,2012,SHT-12,SHT-AMRO-2_2012,1,3,168,62.82,298.99,197.23,1.4,5.833333333,0.04,0.564073227,0.193363844,0.265462795,0.095824644,188.4612781,188.4612781,Old Road,L,R,Core
SHT-AMRO-2,SHT,SHT,MAH,AMRO,2012,SHT-12,SHT-AMRO-2_2012,1,3,171,62.82,298.99,197.23,1.4,5.833333333,0.04,0.564073227,0.193363844,0.265462795,0.095824644,188.4612781,188.4612781,Old Road,L,R,Core
SHT-AMRO-2,SHT,SHT,MAH,AMRO,2012,SHT-12,SHT-AMRO-2_2012,1,3,174,62.82,298.99,197.23,1.4,5.833333333,0.04,0.564073227,0.193363844,0.265462795,0.095824644,188.4612781,188.4612781,Old Road,L,R,Core
SHT-AMRO-2,SHT,SHT,MAH,AMRO,2012,SHT-12,SHT-AMRO-2_2012,1,6,180,62.82,298.99,197.23,1.4,5.833333333,0.04,0.564073227,0.193363844,0.265462795,0.095824644,188.4612781,188.4612781,Old Road,L,R,Core
SHT-AMRO-2,SHT,SHT,MAH,AMRO,2012,SHT-12,SHT-AMRO-2_2012,1,3,183,62.82,298.99,197.23,1.4,5.833333333,0.04,0.564073227,0.193363844,0.265462795,0.095824644,188.4612781,188.4612781,Old Road,L,R,Core
SHT-AMRO-2,SHT,SHT,MAH,AMRO,2012,SHT-12,SHT-AMRO-2_2012,1,5,188,62.82,298.99,197.23,1.4,5.833333333,0.04,0.564073227,0.193363844,0.265462795,0.095824644,188.4612781,188.4612781,Old Road,L,R,Core
ST3-AMRO-1,ST3,ST3,MAH,AMRO,2012,ST3-12,ST3-AMRO-1_2012,2,0,152,44.84,590.44,404.78,0.95,2.6,1,0.897818599,0.076923077,0.217800036,0.105230771,93.79485029,93.79485029,Constructed,L,C,Core
ST3-AMRO-1,ST3,ST3,MAH,AMRO,2012,ST3-12,ST3-AMRO-1_2012,0,3,155,44.84,590.44,404.78,0.95,2.6,1,0.897818599,0.076923077,0.217800036,0.105230771,93.79485029,93.79485029,Constructed,L,C,Core
ST3-AMRO-1,ST3,ST3,MAH,AMRO,2012,ST3-12,ST3-AMRO-1_2012,NA,0,158,44.84,590.44,404.78,0.95,2.6,1,0.897818599,0.076923077,0.217800036,0.105230771,93.79485029,93.79485029,Constructed,L,C,Core
ST3-AMRO-1,ST3,ST3,MAH,AMRO,2012,ST3-12,ST3-AMRO-1_2012,NA,0,161,44.84,590.44,404.78,0.95,2.6,1,0.897818599,0.076923077,0.217800036,0.105230771,93.79485029,93.79485029,Constructed,L,C,Core
ST3-AMRO-1,ST3,ST3,MAH,AMRO,2012,ST3-12,ST3-AMRO-1_2012,NA,0,164,44.84,590.44,404.78,0.95,2.6,1,0.897818599,0.076923077,0.217800036,0.105230771,93.79485029,93.79485029,Constructed,L,C,Core
ST3-AMRO-1,ST3,ST3,MAH,AMRO,2012,ST3-12,ST3-AMRO-1_2012,NA,0,167,44.84,590.44,404.78,0.95,2.6,1,0.897818599,0.076923077,0.217800036,0.105230771,93.79485029,93.79485029,Constructed,L,C,Core
ST3-AMRO-1,ST3,ST3,MAH,AMRO,2012,ST3-12,ST3-AMRO-1_2012,NA,0,170,44.84,590.44,404.78,0.95,2.6,1,0.897818599,0.076923077,0.217800036,0.105230771,93.79485029,93.79485029,Constructed,L,C,Core
ST3-AMRO-1,ST3,ST3,MAH,AMRO,2012,ST3-12,ST3-AMRO-1_2012,NA,0,173,44.84,590.44,404.78,0.95,2.6,1,0.897818599,0.076923077,0.217800036,0.105230771,93.79485029,93.79485029,Constructed,L,C,Core
ST3-AMRO-1,ST3,ST3,MAH,AMRO,2012,ST3-12,ST3-AMRO-1_2012,NA,0,179,44.84,590.44,404.78,0.95,2.6,1,0.897818599,0.076923077,0.217800036,0.105230771,93.79485029,93.79485029,Constructed,L,C,Core
UWT-AMRO-1,UWT,UWT,MAH,AMRO,2012,UWT-12,UWT-AMRO-1_2012,2,0,172,7.28,725.92,37.48,2.46,5.868902439,2.17,0.933562428,0.057273769,0.234022621,0.092993674,493.1557688,493.1557688,Old Road,H,R,Core
UWT-AMRO-1,UWT,UWT,MAH,AMRO,2012,UWT-12,UWT-AMRO-1_2012,1,3,175,7.28,725.92,37.48,2.46,5.868902439,2.17,0.933562428,0.057273769,0.234022621,0.092993674,493.1557688,493.1557688,Old Road,H,R,Core
UWT-AMRO-1,UWT,UWT,MAH,AMRO,2012,UWT-12,UWT-AMRO-1_2012,0,3,178,7.28,725.92,37.48,2.46,5.868902439,2.17,0.933562428,0.057273769,0.234022621,0.092993674,493.1557688,493.1557688,Old Road,H,R,Core
UWT-AMRO-1,UWT,UWT,MAH,AMRO,2012,UWT-12,UWT-AMRO-1_2012,NA,0,181,7.28,725.92,37.48,2.46,5.868902439,2.17,0.933562428,0.057273769,0.234022621,0.092993674,493.1557688,493.1557688,Old Road,H,R,Core
BH1-AMRO-1,BH1,BH1,MAH,AMRO,2013,BH1-13,BH1-AMRO-1_2013,1,0,144,4.716133852,568.97,21.51,0.533,3.133,0.11,1,0,0.282542302,0.098224262,2754.734404,2754.734404,Constructed,L,C,Core
BH1-AMRO-1,BH1,BH1,MAH,AMRO,2013,BH1-13,BH1-AMRO-1_2013,1,5,149,4.716133852,568.97,21.51,0.533,3.133,0.11,1,0,0.282542302,0.098224262,2754.734404,2754.734404,Constructed,L,C,Core
BH1-AMRO-1,BH1,BH1,MAH,AMRO,2013,BH1-13,BH1-AMRO-1_2013,0,3,152,4.716133852,568.97,21.51,0.533,3.133,0.11,1,0,0.282542302,0.098224262,2754.734404,2754.734404,Constructed,L,C,Core
CP1-AMRO-1,CP1,ST1,MAH,AMRO,2013,CP1-13,CP1-AMRO-1_2013,1,0,150,252.6994965,512.28,410.69,0.866666667,2.466666667,0.75,0.95862069,0.031034483,0.21573279,0.106633891,252.6257898,252.6257898,Constructed,H,I,Core
CP1-AMRO-1,CP1,ST1,MAH,AMRO,2013,CP1-13,CP1-AMRO-1_2013,1,4,154,252.6994965,512.28,410.69,0.866666667,2.466666667,0.75,0.95862069,0.031034483,0.21573279,0.106633891,252.6257898,252.6257898,Constructed,H,I,Core
CP1-AMRO-1,CP1,ST1,MAH,AMRO,2013,CP1-13,CP1-AMRO-1_2013,1,3,157,252.6994965,512.28,410.69,0.866666667,2.466666667,0.75,0.95862069,0.031034483,0.21573279,0.106633891,252.6257898,252.6257898,Constructed,H,I,Core
CP1-AMRO-1,CP1,ST1,MAH,AMRO,2013,CP1-13,CP1-AMRO-1_2013,1,4,161,252.6994965,512.28,410.69,0.866666667,2.466666667,0.75,0.95862069,0.031034483,0.21573279,0.106633891,252.6257898,252.6257898,Constructed,H,I,Core
CP1-AMRO-1,CP1,ST1,MAH,AMRO,2013,CP1-13,CP1-AMRO-1_2013,1,3,164,252.6994965,512.28,410.69,0.866666667,2.466666667,0.75,0.95862069,0.031034483,0.21573279,0.106633891,252.6257898,252.6257898,Constructed,H,I,Core
CP1-AMRO-1,CP1,ST1,MAH,AMRO,2013,CP1-13,CP1-AMRO-1_2013,1,4,168,252.6994965,512.28,410.69,0.866666667,2.466666667,0.75,0.95862069,0.031034483,0.21573279,0.106633891,252.6257898,252.6257898,Constructed,H,I,Core
CP1-AMRO-2,CP1,ST1,MAH,AMRO,2013,CP1-13,CP1-AMRO-2_2013,1,0,164,266.0621445,562.76,484.06,0.866666667,2.466666667,0.75,0.983908046,0.016091954,0.215652442,0.10670966,252.6257898,252.6257898,Constructed,H,I,Core
CP1-AMRO-2,CP1,ST1,MAH,AMRO,2013,CP1-13,CP1-AMRO-2_2013,1,4,168,266.0621445,562.76,484.06,0.866666667,2.466666667,0.75,0.983908046,0.016091954,0.215652442,0.10670966,252.6257898,252.6257898,Constructed,H,I,Core
CP1-AMRO-2,CP1,ST1,MAH,AMRO,2013,CP1-13,CP1-AMRO-2_2013,1,3,171,266.0621445,562.76,484.06,0.866666667,2.466666667,0.75,0.983908046,0.016091954,0.215652442,0.10670966,252.6257898,252.6257898,Constructed,H,I,Core
CP1-AMRO-2,CP1,ST1,MAH,AMRO,2013,CP1-13,CP1-AMRO-2_2013,0,5,176,266.0621445,562.76,484.06,0.866666667,2.466666667,0.75,0.983908046,0.016091954,0.215652442,0.10670966,252.6257898,252.6257898,Constructed,H,I,Core
CP2-AMRO-1,CP2,ST3,MAH,AMRO,2013,CP2-13,CP2-AMRO-1_2013,1,0,145,446.2490132,416.54,369.88,0.95,2.6,1,0.796571429,0.136,0.217035888,0.106924467,93.79485029,93.79485029,Constructed,L,I,Core
CP2-AMRO-1,CP2,ST3,MAH,AMRO,2013,CP2-13,CP2-AMRO-1_2013,0,5,150,446.2490132,416.54,369.88,0.95,2.6,1,0.796571429,0.136,0.217035888,0.106924467,93.79485029,93.79485029,Constructed,L,I,Core
CP2-AMRO-2,CP2,ST3,MAH,AMRO,2013,CP2-13,CP2-AMRO-2_2013,1,0,176,426.9475845,497.36,306.4,0.95,2.6,1,0.747706422,0.130733945,0.215917017,0.106927669,43.69881962,0,Constructed,L,I,Edge
CP2-AMRO-2,CP2,ST3,MAH,AMRO,2013,CP2-13,CP2-AMRO-2_2013,1,3,179,426.9475845,497.36,306.4,0.95,2.6,1,0.747706422,0.130733945,0.215917017,0.106927669,43.69881962,0,Constructed,L,I,Edge
CP2-AMRO-2,CP2,ST3,MAH,AMRO,2013,CP2-13,CP2-AMRO-2_2013,1,4,183,426.9475845,497.36,306.4,0.95,2.6,1,0.747706422,0.130733945,0.215917017,0.106927669,43.69881962,0,Constructed,L,I,Edge
CP2-AMRO-2,CP2,ST3,MAH,AMRO,2013,CP2-13,CP2-AMRO-2_2013,1,3,186,426.9475845,497.36,306.4,0.95,2.6,1,0.747706422,0.130733945,0.215917017,0.106927669,43.69881962,0,Constructed,L,I,Edge
CP2-AMRO-2,CP2,ST3,MAH,AMRO,2013,CP2-13,CP2-AMRO-2_2013,1,4,190,426.9475845,497.36,306.4,0.95,2.6,1,0.747706422,0.130733945,0.215917017,0.106927669,43.69881962,0,Constructed,L,I,Edge
CP2-AMRO-2,CP2,ST3,MAH,AMRO,2013,CP2-13,CP2-AMRO-2_2013,0,3,193,426.9475845,497.36,306.4,0.95,2.6,1,0.747706422,0.130733945,0.215917017,0.106927669,43.69881962,0,Constructed,L,I,Edge
CP2-AMRO-3,CP2,ST3,MAH,AMRO,2013,CP2-13,CP2-AMRO-3_2013,1,0,193,429.3722519,497.62,301.78,0.95,2.6,1,0.73997709,0.134020619,0.215864108,0.1069286,43.69881962,0,Constructed,L,I,Edge
CP2-AMRO-3,CP2,ST3,MAH,AMRO,2013,CP2-13,CP2-AMRO-3_2013,1,4,197,429.3722519,497.62,301.78,0.95,2.6,1,0.73997709,0.134020619,0.215864108,0.1069286,43.69881962,0,Constructed,L,I,Edge
CP2-AMRO-3,CP2,ST3,MAH,AMRO,2013,CP2-13,CP2-AMRO-3_2013,1,3,200,429.3722519,497.62,301.78,0.95,2.6,1,0.73997709,0.134020619,0.215864108,0.1069286,43.69881962,0,Constructed,L,I,Edge
CP2-AMRO-3,CP2,ST3,MAH,AMRO,2013,CP2-13,CP2-AMRO-3_2013,1,4,204,429.3722519,497.62,301.78,0.95,2.6,1,0.73997709,0.134020619,0.215864108,0.1069286,43.69881962,0,Constructed,L,I,Edge
CP2-AMRO-3,CP2,ST3,MAH,AMRO,2013,CP2-13,CP2-AMRO-3_2013,1,3,207,429.3722519,497.62,301.78,0.95,2.6,1,0.73997709,0.134020619,0.215864108,0.1069286,43.69881962,0,Constructed,L,I,Edge
CP2-AMRO-3,CP2,ST3,MAH,AMRO,2013,CP2-13,CP2-AMRO-3_2013,1,4,211,429.3722519,497.62,301.78,0.95,2.6,1,0.73997709,0.134020619,0.215864108,0.1069286,43.69881962,0,Constructed,L,I,Edge
CP3-AMRO-1,CP3,UET,MAH,AMRO,2013,CP3-13,CP3-AMRO-1_2013,1,0,177,108.2865997,746.16,695.01,1.433333333,3.933333333,2.05,1,0,0.229148525,0.095657697,493.1557688,493.1557688,Constructed,H,I,Core
CP3-AMRO-2,CP3,UET,MAH,AMRO,2013,CP3-13,CP3-AMRO-2_2013,1,0,155,225.9642733,846.94,633.48,1.433333333,3.933333333,2.05,1,0,0.232261239,0.097889764,493.1557688,493.1557688,Constructed,H,I,Core
CP3-AMRO-2,CP3,UET,MAH,AMRO,2013,CP3-13,CP3-AMRO-2_2013,1,3,158,225.9642733,846.94,633.48,1.433333333,3.933333333,2.05,1,0,0.232261239,0.097889764,493.1557688,493.1557688,Constructed,H,I,Core
CP3-AMRO-2,CP3,UET,MAH,AMRO,2013,CP3-13,CP3-AMRO-2_2013,1,4,162,225.9642733,846.94,633.48,1.433333333,3.933333333,2.05,1,0,0.232261239,0.097889764,493.1557688,493.1557688,Constructed,H,I,Core
CP3-AMRO-2,CP3,UET,MAH,AMRO,2013,CP3-13,CP3-AMRO-2_2013,1,3,165,225.9642733,846.94,633.48,1.433333333,3.933333333,2.05,1,0,0.232261239,0.097889764,493.1557688,493.1557688,Constructed,H,I,Core
CP3-AMRO-2,CP3,UET,MAH,AMRO,2013,CP3-13,CP3-AMRO-2_2013,1,4,169,225.9642733,846.94,633.48,1.433333333,3.933333333,2.05,1,0,0.232261239,0.097889764,493.1557688,493.1557688,Constructed,H,I,Core
CP3-AMRO-2,CP3,UET,MAH,AMRO,2013,CP3-13,CP3-AMRO-2_2013,1,8,177,225.9642733,846.94,633.48,1.433333333,3.933333333,2.05,1,0,0.232261239,0.097889764,493.1557688,493.1557688,Constructed,H,I,Core
CP3-AMRO-2,CP3,UET,MAH,AMRO,2013,CP3-13,CP3-AMRO-2_2013,0,3,180,225.9642733,846.94,633.48,1.433333333,3.933333333,2.05,1,0,0.232261239,0.097889764,493.1557688,493.1557688,Constructed,H,I,Core
CP3-AMRO-3,CP3,UET,MAH,AMRO,2013,CP3-13,CP3-AMRO-3_2013,1,0,177,152.3485751,837.42,748.11,1.433333333,3.933333333,2.05,1,0,0.23007868,0.096357983,493.1557688,493.1557688,Constructed,H,I,Core
CP3-AMRO-3,CP3,UET,MAH,AMRO,2013,CP3-13,CP3-AMRO-3_2013,1,3,180,152.3485751,837.42,748.11,1.433333333,3.933333333,2.05,1,0,0.23007868,0.096357983,493.1557688,493.1557688,Constructed,H,I,Core
CP3-AMRO-3,CP3,UET,MAH,AMRO,2013,CP3-13,CP3-AMRO-3_2013,1,4,184,152.3485751,837.42,748.11,1.433333333,3.933333333,2.05,1,0,0.23007868,0.096357983,493.1557688,493.1557688,Constructed,H,I,Core
CP3-AMRO-3,CP3,UET,MAH,AMRO,2013,CP3-13,CP3-AMRO-3_2013,1,3,187,152.3485751,837.42,748.11,1.433333333,3.933333333,2.05,1,0,0.23007868,0.096357983,493.1557688,493.1557688,Constructed,H,I,Core
CP3-AMRO-3,CP3,UET,MAH,AMRO,2013,CP3-13,CP3-AMRO-3_2013,0,4,191,152.3485751,837.42,748.11,1.433333333,3.933333333,2.05,1,0,0.23007868,0.096357983,493.1557688,493.1557688,Constructed,H,I,Core
CP4-AMRO-1,CP4,BRN,MAH,AMRO,2013,CP4-13,CP4-AMRO-1_2013,1,0,155,657.4415119,578.58,542.04,1.29305,6.00589,0,0.997709049,0.002290951,0.251332885,0.088845597,1031.448861,1031.448861,Constructed,L,I,Core
CP4-AMRO-1,CP4,BRN,MAH,AMRO,2013,CP4-13,CP4-AMRO-1_2013,1,3,158,657.4415119,578.58,542.04,1.29305,6.00589,0,0.997709049,0.002290951,0.251332885,0.088845597,1031.448861,1031.448861,Constructed,L,I,Core
CP4-AMRO-1,CP4,BRN,MAH,AMRO,2013,CP4-13,CP4-AMRO-1_2013,0,4,162,657.4415119,578.58,542.04,1.29305,6.00589,0,0.997709049,0.002290951,0.251332885,0.088845597,1031.448861,1031.448861,Constructed,L,I,Core
CP6-AMRO-2,CP6,SHT,MAH,AMRO,2013,CP6-13,CP6-AMRO-2_2013,1,0,170,621.6023068,306.76,225.99,1.4,5.833,0.04,0.632,0.165714286,0.261739429,0.099432795,188.4612781,188.4612781,Old Road,L,I,Core
CP6-AMRO-2,CP6,SHT,MAH,AMRO,2013,CP6-13,CP6-AMRO-2_2013,1,5,175,621.6023068,306.76,225.99,1.4,5.833,0.04,0.632,0.165714286,0.261739429,0.099432795,188.4612781,188.4612781,Old Road,L,I,Core
CP6-AMRO-2,CP6,SHT,MAH,AMRO,2013,CP6-13,CP6-AMRO-2_2013,1,3,178,621.6023068,306.76,225.99,1.4,5.833,0.04,0.632,0.165714286,0.261739429,0.099432795,188.4612781,188.4612781,Old Road,L,I,Core
CP6-AMRO-2,CP6,SHT,MAH,AMRO,2013,CP6-13,CP6-AMRO-2_2013,1,4,182,621.6023068,306.76,225.99,1.4,5.833,0.04,0.632,0.165714286,0.261739429,0.099432795,188.4612781,188.4612781,Old Road,L,I,Core
CP9-AMRO-1,CP9,HDS,MAH,AMRO,2013,CP9-13,CP9-AMRO-1_2013,1,0,189,288.9137588,392.34,269.47,2.294466667,0.04,0.499533333,0.688073394,0.135321101,0.206855948,0.132589388,398.4022122,398.4022122,Constructed,L,I,Core
CP9-AMRO-1,CP9,HDS,MAH,AMRO,2013,CP9-13,CP9-AMRO-1_2013,1,3,192,288.9137588,392.34,269.47,2.294466667,0.04,0.499533333,0.688073394,0.135321101,0.206855948,0.132589388,398.4022122,398.4022122,Constructed,L,I,Core
EBS-AMRO-1,EBS,EBS,MAH,AMRO,2013,EBS-13,EBS-AMRO-1_2013,1,0,148,0.846378129,580.97,114.51,2.366666667,3.8,2.883076923,0.760595647,0.128293242,0.23938162,0.091227105,493.1557688,493.1557688,Old Road,H,R,Core
EBS-AMRO-1,EBS,EBS,MAH,AMRO,2013,EBS-13,EBS-AMRO-1_2013,1,3,151,0.846378129,580.97,114.51,2.366666667,3.8,2.883076923,0.760595647,0.128293242,0.23938162,0.091227105,493.1557688,493.1557688,Old Road,H,R,Core
EBS-AMRO-1,EBS,EBS,MAH,AMRO,2013,EBS-13,EBS-AMRO-1_2013,1,4,155,0.846378129,580.97,114.51,2.366666667,3.8,2.883076923,0.760595647,0.128293242,0.23938162,0.091227105,493.1557688,493.1557688,Old Road,H,R,Core
EBS-AMRO-1,EBS,EBS,MAH,AMRO,2013,EBS-13,EBS-AMRO-1_2013,1,3,158,0.846378129,580.97,114.51,2.366666667,3.8,2.883076923,0.760595647,0.128293242,0.23938162,0.091227105,493.1557688,493.1557688,Old Road,H,R,Core
EBS-AMRO-1,EBS,EBS,MAH,AMRO,2013,EBS-13,EBS-AMRO-1_2013,1,4,162,0.846378129,580.97,114.51,2.366666667,3.8,2.883076923,0.760595647,0.128293242,0.23938162,0.091227105,493.1557688,493.1557688,Old Road,H,R,Core
EBS-AMRO-1,EBS,EBS,MAH,AMRO,2013,EBS-13,EBS-AMRO-1_2013,1,3,165,0.846378129,580.97,114.51,2.366666667,3.8,2.883076923,0.760595647,0.128293242,0.23938162,0.091227105,493.1557688,493.1557688,Old Road,H,R,Core
EBS-AMRO-2,EBS,EBS,MAH,AMRO,2013,EBS-13,EBS-AMRO-2_2013,1,0,151,1.499878798,529.27,8.72,2.366666667,3.8,2.883076923,0.714776632,0.154639175,0.237370627,0.09109477,493.1557688,493.1557688,Old Road,H,R,Core
EBS-AMRO-2,EBS,EBS,MAH,AMRO,2013,EBS-13,EBS-AMRO-2_2013,1,4,155,1.499878798,529.27,8.72,2.366666667,3.8,2.883076923,0.714776632,0.154639175,0.237370627,0.09109477,493.1557688,493.1557688,Old Road,H,R,Core
EBS-AMRO-2,EBS,EBS,MAH,AMRO,2013,EBS-13,EBS-AMRO-2_2013,1,3,158,1.499878798,529.27,8.72,2.366666667,3.8,2.883076923,0.714776632,0.154639175,0.237370627,0.09109477,493.1557688,493.1557688,Old Road,H,R,Core
EBS-AMRO-2,EBS,EBS,MAH,AMRO,2013,EBS-13,EBS-AMRO-2_2013,1,4,162,1.499878798,529.27,8.72,2.366666667,3.8,2.883076923,0.714776632,0.154639175,0.237370627,0.09109477,493.1557688,493.1557688,Old Road,H,R,Core
EBS-AMRO-2,EBS,EBS,MAH,AMRO,2013,EBS-13,EBS-AMRO-2_2013,1,3,165,1.499878798,529.27,8.72,2.366666667,3.8,2.883076923,0.714776632,0.154639175,0.237370627,0.09109477,493.1557688,493.1557688,Old Road,H,R,Core
EBS-AMRO-2,EBS,EBS,MAH,AMRO,2013,EBS-13,EBS-AMRO-2_2013,1,4,169,1.499878798,529.27,8.72,2.366666667,3.8,2.883076923,0.714776632,0.154639175,0.237370627,0.09109477,493.1557688,493.1557688,Old Road,H,R,Core
EBS-AMRO-2,EBS,EBS,MAH,AMRO,2013,EBS-13,EBS-AMRO-2_2013,1,3,172,1.499878798,529.27,8.72,2.366666667,3.8,2.883076923,0.714776632,0.154639175,0.237370627,0.09109477,493.1557688,493.1557688,Old Road,H,R,Core
EBS-AMRO-2,EBS,EBS,MAH,AMRO,2013,EBS-13,EBS-AMRO-2_2013,1,8,180,1.499878798,529.27,8.72,2.366666667,3.8,2.883076923,0.714776632,0.154639175,0.237370627,0.09109477,493.1557688,493.1557688,Old Road,H,R,Core
EBS-AMRO-3,EBS,EBS,MAH,AMRO,2013,EBS-13,EBS-AMRO-3_2013,1,0,165,96.39359699,405.24,52.71,2.366666667,3.8,2.883076923,0.577625571,0.238584475,0.237340911,0.090255717,493.1557688,493.1557688,Old Road,H,R,Core
EBS-AMRO-3,EBS,EBS,MAH,AMRO,2013,EBS-13,EBS-AMRO-3_2013,1,4,169,96.39359699,405.24,52.71,2.366666667,3.8,2.883076923,0.577625571,0.238584475,0.237340911,0.090255717,493.1557688,493.1557688,Old Road,H,R,Core
EBS-AMRO-3,EBS,EBS,MAH,AMRO,2013,EBS-13,EBS-AMRO-3_2013,1,3,172,96.39359699,405.24,52.71,2.366666667,3.8,2.883076923,0.577625571,0.238584475,0.237340911,0.090255717,493.1557688,493.1557688,Old Road,H,R,Core
EBS-AMRO-3,EBS,EBS,MAH,AMRO,2013,EBS-13,EBS-AMRO-3_2013,1,8,180,96.39359699,405.24,52.71,2.366666667,3.8,2.883076923,0.577625571,0.238584475,0.237340911,0.090255717,493.1557688,493.1557688,Old Road,H,R,Core
EBS-AMRO-3,EBS,EBS,MAH,AMRO,2013,EBS-13,EBS-AMRO-3_2013,0,4,184,96.39359699,405.24,52.71,2.366666667,3.8,2.883076923,0.577625571,0.238584475,0.237340911,0.090255717,493.1557688,493.1557688,Old Road,H,R,Core
EBS-AMRO-4,EBS,EBS,MAH,AMRO,2013,EBS-13,EBS-AMRO-4_2013,1,0,165,6.886935704,476.81,0,2.366666667,3.8,2.883076923,0.649484536,0.198167239,0.240664186,0.090675215,493.1557688,493.1557688,Old Road,H,R,Core
EBS-AMRO-4,EBS,EBS,MAH,AMRO,2013,EBS-13,EBS-AMRO-4_2013,1,4,169,6.886935704,476.81,0,2.366666667,3.8,2.883076923,0.649484536,0.198167239,0.240664186,0.090675215,493.1557688,493.1557688,Old Road,H,R,Core
EBS-AMRO-4,EBS,EBS,MAH,AMRO,2013,EBS-13,EBS-AMRO-4_2013,0,3,172,6.886935704,476.81,0,2.366666667,3.8,2.883076923,0.649484536,0.198167239,0.240664186,0.090675215,493.1557688,493.1557688,Old Road,H,R,Core
EBW-AMRO-1,EBW,EBW,MAH,AMRO,2013,EBW-13,EBW-AMRO-1_2013,1,0,151,37.39163266,705.65,395.54,4.266666667,3.55,3.233333333,0.956471936,0.033218786,0.243013199,0.094983255,493.1557688,493.1557688,Old Road,H,R,Core
EBW-AMRO-1,EBW,EBW,MAH,AMRO,2013,EBW-13,EBW-AMRO-1_2013,1,4,155,37.39163266,705.65,395.54,4.266666667,3.55,3.233333333,0.956471936,0.033218786,0.243013199,0.094983255,493.1557688,493.1557688,Old Road,H,R,Core
EBW-AMRO-1,EBW,EBW,MAH,AMRO,2013,EBW-13,EBW-AMRO-1_2013,1,3,158,37.39163266,705.65,395.54,4.266666667,3.55,3.233333333,0.956471936,0.033218786,0.243013199,0.094983255,493.1557688,493.1557688,Old Road,H,R,Core
EBW-AMRO-1,EBW,EBW,MAH,AMRO,2013,EBW-13,EBW-AMRO-1_2013,1,4,162,37.39163266,705.65,395.54,4.266666667,3.55,3.233333333,0.956471936,0.033218786,0.243013199,0.094983255,493.1557688,493.1557688,Old Road,H,R,Core
EBW-AMRO-1,EBW,EBW,MAH,AMRO,2013,EBW-13,EBW-AMRO-1_2013,1,3,165,37.39163266,705.65,395.54,4.266666667,3.55,3.233333333,0.956471936,0.033218786,0.243013199,0.094983255,493.1557688,493.1557688,Old Road,H,R,Core
EBW-AMRO-1,EBW,EBW,MAH,AMRO,2013,EBW-13,EBW-AMRO-1_2013,1,4,169,37.39163266,705.65,395.54,4.266666667,3.55,3.233333333,0.956471936,0.033218786,0.243013199,0.094983255,493.1557688,493.1557688,Old Road,H,R,Core
EBW-AMRO-1,EBW,EBW,MAH,AMRO,2013,EBW-13,EBW-AMRO-1_2013,1,3,172,37.39163266,705.65,395.54,4.266666667,3.55,3.233333333,0.956471936,0.033218786,0.243013199,0.094983255,493.1557688,493.1557688,Old Road,H,R,Core
EBW-AMRO-1,EBW,EBW,MAH,AMRO,2013,EBW-13,EBW-AMRO-1_2013,2,0,177,37.39163266,705.65,395.54,4.266666667,3.55,3.233333333,0.956471936,0.033218786,0.243013199,0.094983255,493.1557688,493.1557688,Old Road,H,R,Core
HDT-AMRO-1,HDT,HDT,MAH,AMRO,2013,HDT-13,HDT-AMRO-1_2013,2,0,141,57.63031772,1397.91,144.8,4.1,0.04,1.916666667,0.635321101,0.160550459,0.228809796,0.129371621,704.8031688,704.8031688,Old Road,L,R,Core
HDT-AMRO-1,HDT,HDT,MAH,AMRO,2013,HDT-13,HDT-AMRO-1_2013,2,0,144,57.63031772,1397.91,144.8,4.1,0.04,1.916666667,0.635321101,0.160550459,0.228809796,0.129371621,704.8031688,704.8031688,Old Road,L,R,Core
HDT-AMRO-1,HDT,HDT,MAH,AMRO,2013,HDT-13,HDT-AMRO-1_2013,2,0,152,57.63031772,1397.91,144.8,4.1,0.04,1.916666667,0.635321101,0.160550459,0.228809796,0.129371621,704.8031688,704.8031688,Old Road,L,R,Core
HDT-AMRO-2,HDT,HDT,MAH,AMRO,2013,HDT-13,HDT-AMRO-2_2013,1,0,141,5.220612733,1423.6,203.3,4.1,0.04,1.916666667,0.687214612,0.142694064,0.228797731,0.129456587,704.8031688,704.8031688,Old Road,L,R,Core
HDT-AMRO-2,HDT,HDT,MAH,AMRO,2013,HDT-13,HDT-AMRO-2_2013,1,3,144,5.220612733,1423.6,203.3,4.1,0.04,1.916666667,0.687214612,0.142694064,0.228797731,0.129456587,704.8031688,704.8031688,Old Road,L,R,Core
HDT-AMRO-2,HDT,HDT,MAH,AMRO,2013,HDT-13,HDT-AMRO-2_2013,1,5,149,5.220612733,1423.6,203.3,4.1,0.04,1.916666667,0.687214612,0.142694064,0.228797731,0.129456587,704.8031688,704.8031688,Old Road,L,R,Core
RMT-AMRO-1,RMT,RMT,MAH,AMRO,2013,RMT-13,RMT-AMRO-1_2013,1,0,177,27.17722144,397.54,243.92,0.633333333,1.666666667,1.879615385,0.593570608,0.1836969,0.223137815,0.095155441,493.1557688,493.1557688,Constructed,L,C,Core
RMT-AMRO-1,RMT,RMT,MAH,AMRO,2013,RMT-13,RMT-AMRO-1_2013,1,0,177,27.17722144,397.54,243.92,0.633333333,1.666666667,1.879615385,0.593570608,0.1836969,0.223137815,0.095155441,493.1557688,493.1557688,Constructed,L,C,Core
RMT-AMRO-1,RMT,RMT,MAH,AMRO,2013,RMT-13,RMT-AMRO-1_2013,1,3,180,27.17722144,397.54,243.92,0.633333333,1.666666667,1.879615385,0.593570608,0.1836969,0.223137815,0.095155441,493.1557688,493.1557688,Constructed,L,C,Core
RMT-AMRO-1,RMT,RMT,MAH,AMRO,2013,RMT-13,RMT-AMRO-1_2013,1,4,184,27.17722144,397.54,243.92,0.633333333,1.666666667,1.879615385,0.593570608,0.1836969,0.223137815,0.095155441,493.1557688,493.1557688,Constructed,L,C,Core
RMT-AMRO-1,RMT,RMT,MAH,AMRO,2013,RMT-13,RMT-AMRO-1_2013,1,3,187,27.17722144,397.54,243.92,0.633333333,1.666666667,1.879615385,0.593570608,0.1836969,0.223137815,0.095155441,493.1557688,493.1557688,Constructed,L,C,Core
RMT-AMRO-1,RMT,RMT,MAH,AMRO,2013,RMT-13,RMT-AMRO-1_2013,0,4,191,27.17722144,397.54,243.92,0.633333333,1.666666667,1.879615385,0.593570608,0.1836969,0.223137815,0.095155441,493.1557688,493.1557688,Constructed,L,C,Core
RMT-AMRO-1,RMT,RMT,MAH,AMRO,2013,RMT-13,RMT-AMRO-1_2013,2,0,194,27.17722144,397.54,243.92,0.633333333,1.666666667,1.879615385,0.593570608,0.1836969,0.223137815,0.095155441,493.1557688,493.1557688,Constructed,L,C,Core
RMT-AMRO-2,RMT,RMT,MAH,AMRO,2013,RMT-13,RMT-AMRO-2_2013,2,0,177,38.37059455,378.33,249.28,0.633333333,1.666666667,1.879615385,0.574541284,0.189220183,0.222958612,0.095065471,493.1557688,493.1557688,Constructed,L,C,Core
RMT-AMRO-2,RMT,RMT,MAH,AMRO,2013,RMT-13,RMT-AMRO-2_2013,2,0,180,38.37059455,378.33,249.28,0.633333333,1.666666667,1.879615385,0.574541284,0.189220183,0.222958612,0.095065471,493.1557688,493.1557688,Constructed,L,C,Core
RMT-AMRO-2,RMT,RMT,MAH,AMRO,2013,RMT-13,RMT-AMRO-2_2013,2,0,184,38.37059455,378.33,249.28,0.633333333,1.666666667,1.879615385,0.574541284,0.189220183,0.222958612,0.095065471,493.1557688,493.1557688,Constructed,L,C,Core
RMT-AMRO-2,RMT,RMT,MAH,AMRO,2013,RMT-13,RMT-AMRO-2_2013,2,0,187,38.37059455,378.33,249.28,0.633333333,1.666666667,1.879615385,0.574541284,0.189220183,0.222958612,0.095065471,493.1557688,493.1557688,Constructed,L,C,Core
RMT-AMRO-2,RMT,RMT,MAH,AMRO,2013,RMT-13,RMT-AMRO-2_2013,2,0,191,38.37059455,378.33,249.28,0.633333333,1.666666667,1.879615385,0.574541284,0.189220183,0.222958612,0.095065471,493.1557688,493.1557688,Constructed,L,C,Core
RMT-AMRO-3,RMT,RMT,MAH,AMRO,2013,RMT-13,RMT-AMRO-3_2013,1,0,177,47.26751169,357.75,248.24,0.633333333,1.666666667,1.879615385,0.561643836,0.192922374,0.222789792,0.094917019,493.1557688,493.1557688,Constructed,L,C,Core
RMT-AMRO-3,RMT,RMT,MAH,AMRO,2013,RMT-13,RMT-AMRO-3_2013,1,0,177,47.26751169,357.75,248.24,0.633333333,1.666666667,1.879615385,0.561643836,0.192922374,0.222789792,0.094917019,493.1557688,493.1557688,Constructed,L,C,Core
RMT-AMRO-3,RMT,RMT,MAH,AMRO,2013,RMT-13,RMT-AMRO-3_2013,1,3,180,47.26751169,357.75,248.24,0.633333333,1.666666667,1.879615385,0.561643836,0.192922374,0.222789792,0.094917019,493.1557688,493.1557688,Constructed,L,C,Core
RMT-AMRO-3,RMT,RMT,MAH,AMRO,2013,RMT-13,RMT-AMRO-3_2013,1,4,184,47.26751169,357.75,248.24,0.633333333,1.666666667,1.879615385,0.561643836,0.192922374,0.222789792,0.094917019,493.1557688,493.1557688,Constructed,L,C,Core
RMT-AMRO-3,RMT,RMT,MAH,AMRO,2013,RMT-13,RMT-AMRO-3_2013,1,3,187,47.26751169,357.75,248.24,0.633333333,1.666666667,1.879615385,0.561643836,0.192922374,0.222789792,0.094917019,493.1557688,493.1557688,Constructed,L,C,Core
RMT-AMRO-3,RMT,RMT,MAH,AMRO,2013,RMT-13,RMT-AMRO-3_2013,1,4,191,47.26751169,357.75,248.24,0.633333333,1.666666667,1.879615385,0.561643836,0.192922374,0.222789792,0.094917019,493.1557688,493.1557688,Constructed,L,C,Core
RMT-AMRO-3,RMT,RMT,MAH,AMRO,2013,RMT-13,RMT-AMRO-3_2013,1,3,194,47.26751169,357.75,248.24,0.633333333,1.666666667,1.879615385,0.561643836,0.192922374,0.222789792,0.094917019,493.1557688,493.1557688,Constructed,L,C,Core
RMT-AMRO-3,RMT,RMT,MAH,AMRO,2013,RMT-13,RMT-AMRO-3_2013,1,4,198,47.26751169,357.75,248.24,0.633333333,1.666666667,1.879615385,0.561643836,0.192922374,0.222789792,0.094917019,493.1557688,493.1557688,Constructed,L,C,Core
RMT-AMRO-4,RMT,RMT,MAH,AMRO,2013,RMT-13,RMT-AMRO-4_2013,1,0,212,4.20141743,383.44,262.83,0.633333333,1.666666667,1.879615385,0.610538373,0.17067583,0.223205865,0.094910523,493.1557688,493.1557688,Constructed,L,C,Core
RMT-AMRO-4,RMT,RMT,MAH,AMRO,2013,RMT-13,RMT-AMRO-4_2013,1,6,218,4.20141743,383.44,262.83,0.633333333,1.666666667,1.879615385,0.610538373,0.17067583,0.223205865,0.094910523,493.1557688,493.1557688,Constructed,L,C,Core
RMT-AMRO-4,RMT,RMT,MAH,AMRO,2013,RMT-13,RMT-AMRO-4_2013,2,0,221,4.20141743,383.44,262.83,0.633333333,1.666666667,1.879615385,0.610538373,0.17067583,0.223205865,0.094910523,493.1557688,493.1557688,Constructed,L,C,Core
SBE-AMRO-1,SBE,SBE,MAH,AMRO,2013,SBE-13,SBE-AMRO-1_2013,1,0,161,81.40780868,468.3,83.02,1.966666667,4.3,2.95,0.554535017,0.136624569,0.236002406,0.101243339,126.0754665,0,Old Road,H,R,Edge
SBE-AMRO-1,SBE,SBE,MAH,AMRO,2013,SBE-13,SBE-AMRO-1_2013,1,3,164,81.40780868,468.3,83.02,1.966666667,4.3,2.95,0.554535017,0.136624569,0.236002406,0.101243339,126.0754665,0,Old Road,H,R,Edge
SBE-AMRO-1,SBE,SBE,MAH,AMRO,2013,SBE-13,SBE-AMRO-1_2013,1,4,168,81.40780868,468.3,83.02,1.966666667,4.3,2.95,0.554535017,0.136624569,0.236002406,0.101243339,126.0754665,0,Old Road,H,R,Edge
SBE-AMRO-1,SBE,SBE,MAH,AMRO,2013,SBE-13,SBE-AMRO-1_2013,1,3,171,81.40780868,468.3,83.02,1.966666667,4.3,2.95,0.554535017,0.136624569,0.236002406,0.101243339,126.0754665,0,Old Road,H,R,Edge
SBE-AMRO-1,SBE,SBE,MAH,AMRO,2013,SBE-13,SBE-AMRO-1_2013,1,5,176,81.40780868,468.3,83.02,1.966666667,4.3,2.95,0.554535017,0.136624569,0.236002406,0.101243339,126.0754665,0,Old Road,H,R,Edge
SBE-AMRO-1,SBE,SBE,MAH,AMRO,2013,SBE-13,SBE-AMRO-1_2013,1,3,179,81.40780868,468.3,83.02,1.966666667,4.3,2.95,0.554535017,0.136624569,0.236002406,0.101243339,126.0754665,0,Old Road,H,R,Edge
SBE-AMRO-1,SBE,SBE,MAH,AMRO,2013,SBE-13,SBE-AMRO-1_2013,1,4,183,81.40780868,468.3,83.02,1.966666667,4.3,2.95,0.554535017,0.136624569,0.236002406,0.101243339,126.0754665,0,Old Road,H,R,Edge
SBE-AMRO-1,SBE,SBE,MAH,AMRO,2013,SBE-13,SBE-AMRO-1_2013,1,5,188,81.40780868,468.3,83.02,1.966666667,4.3,2.95,0.554535017,0.136624569,0.236002406,0.101243339,126.0754665,0,Old Road,H,R,Edge
SBE-AMRO-1,SBE,SBE,MAH,AMRO,2013,SBE-13,SBE-AMRO-1_2013,1,5,193,81.40780868,468.3,83.02,1.966666667,4.3,2.95,0.554535017,0.136624569,0.236002406,0.101243339,126.0754665,0,Old Road,H,R,Edge
SHT-AMRO-1,SHT,SHT,MAH,AMRO,2013,SHT-13,SHT-AMRO-1_2013,1,0,144,8.98598309,329.09,246.43,1.4,5.833,0.04,0.609392898,0.191294387,0.264155808,0.095947545,188.4612781,188.4612781,Old Road,L,R,Core
SHT-AMRO-1,SHT,SHT,MAH,AMRO,2013,SHT-13,SHT-AMRO-1_2013,1,5,149,8.98598309,329.09,246.43,1.4,5.833,0.04,0.609392898,0.191294387,0.264155808,0.095947545,188.4612781,188.4612781,Old Road,L,R,Core
SHT-AMRO-1,SHT,SHT,MAH,AMRO,2013,SHT-13,SHT-AMRO-1_2013,1,3,152,8.98598309,329.09,246.43,1.4,5.833,0.04,0.609392898,0.191294387,0.264155808,0.095947545,188.4612781,188.4612781,Old Road,L,R,Core
SHT-AMRO-1,SHT,SHT,MAH,AMRO,2013,SHT-13,SHT-AMRO-1_2013,1,4,156,8.98598309,329.09,246.43,1.4,5.833,0.04,0.609392898,0.191294387,0.264155808,0.095947545,188.4612781,188.4612781,Old Road,L,R,Core
SHT-AMRO-1,SHT,SHT,MAH,AMRO,2013,SHT-13,SHT-AMRO-1_2013,1,3,159,8.98598309,329.09,246.43,1.4,5.833,0.04,0.609392898,0.191294387,0.264155808,0.095947545,188.4612781,188.4612781,Old Road,L,R,Core
SHT-AMRO-2,SHT,SHT,MAH,AMRO,2013,SHT-13,SHT-AMRO-2_2013,1,0,182,16.7375111,209.38,127.61,1.4,5.833,0.04,0.59610984,0.200228833,0.264700743,0.095513649,188.4612781,188.4612781,Old Road,L,R,Core
SHT-AMRO-2,SHT,SHT,MAH,AMRO,2013,SHT-13,SHT-AMRO-2_2013,1,3,185,16.7375111,209.38,127.61,1.4,5.833,0.04,0.59610984,0.200228833,0.264700743,0.095513649,188.4612781,188.4612781,Old Road,L,R,Core
SHT-AMRO-2,SHT,SHT,MAH,AMRO,2013,SHT-13,SHT-AMRO-2_2013,1,4,189,16.7375111,209.38,127.61,1.4,5.833,0.04,0.59610984,0.200228833,0.264700743,0.095513649,188.4612781,188.4612781,Old Road,L,R,Core
SHT-AMRO-2,SHT,SHT,MAH,AMRO,2013,SHT-13,SHT-AMRO-2_2013,1,3,192,16.7375111,209.38,127.61,1.4,5.833,0.04,0.59610984,0.200228833,0.264700743,0.095513649,188.4612781,188.4612781,Old Road,L,R,Core
SHT-AMRO-2,SHT,SHT,MAH,AMRO,2013,SHT-13,SHT-AMRO-2_2013,1,4,196,16.7375111,209.38,127.61,1.4,5.833,0.04,0.59610984,0.200228833,0.264700743,0.095513649,188.4612781,188.4612781,Old Road,L,R,Core
SHT-AMRO-3,SHT,SHT,MAH,AMRO,2013,SHT-13,SHT-AMRO-3_2013,1,0,199,26.69030231,279.83,198.17,1.4,5.833,0.04,0.585337915,0.198167239,0.26493415,0.095685706,188.4612781,188.4612781,Old Road,L,R,Core
SHT-AMRO-3,SHT,SHT,MAH,AMRO,2013,SHT-13,SHT-AMRO-3_2013,1,4,203,26.69030231,279.83,198.17,1.4,5.833,0.04,0.585337915,0.198167239,0.26493415,0.095685706,188.4612781,188.4612781,Old Road,L,R,Core
SHT-AMRO-3,SHT,SHT,MAH,AMRO,2013,SHT-13,SHT-AMRO-3_2013,1,3,206,26.69030231,279.83,198.17,1.4,5.833,0.04,0.585337915,0.198167239,0.26493415,0.095685706,188.4612781,188.4612781,Old Road,L,R,Core
ST1-AMRO-1,ST1,ST1,MAH,AMRO,2013,ST1-13,ST1-AMRO-1_2013,1,0,150,26.38645939,147.73,62.9,0.866666667,2.466666667,0.75,0.642117376,0.193325662,0.214536754,0.105669929,100.6316682,0,Constructed,H,C,Edge
ST1-AMRO-1,ST1,ST1,MAH,AMRO,2013,ST1-13,ST1-AMRO-1_2013,1,4,154,26.38645939,147.73,62.9,0.866666667,2.466666667,0.75,0.642117376,0.193325662,0.214536754,0.105669929,100.6316682,0,Constructed,H,C,Edge
ST1-AMRO-1,ST1,ST1,MAH,AMRO,2013,ST1-13,ST1-AMRO-1_2013,1,3,157,26.38645939,147.73,62.9,0.866666667,2.466666667,0.75,0.642117376,0.193325662,0.214536754,0.105669929,100.6316682,0,Constructed,H,C,Edge
ST1-AMRO-1,ST1,ST1,MAH,AMRO,2013,ST1-13,ST1-AMRO-1_2013,1,4,161,26.38645939,147.73,62.9,0.866666667,2.466666667,0.75,0.642117376,0.193325662,0.214536754,0.105669929,100.6316682,0,Constructed,H,C,Edge
ST1-AMRO-2,ST1,ST1,MAH,AMRO,2013,ST1-13,ST1-AMRO-2_2013,1,0,171,19.27102574,324.9,309.21,0.866666667,2.466666667,0.75,0.844649022,0.090909091,0.214786838,0.105807858,252.6257898,252.6257898,Constructed,H,C,Core
ST1-AMRO-2,ST1,ST1,MAH,AMRO,2013,ST1-13,ST1-AMRO-2_2013,1,5,176,19.27102574,324.9,309.21,0.866666667,2.466666667,0.75,0.844649022,0.090909091,0.214786838,0.105807858,252.6257898,252.6257898,Constructed,H,C,Core
ST1-AMRO-2,ST1,ST1,MAH,AMRO,2013,ST1-13,ST1-AMRO-2_2013,1,3,179,19.27102574,324.9,309.21,0.866666667,2.466666667,0.75,0.844649022,0.090909091,0.214786838,0.105807858,252.6257898,252.6257898,Constructed,H,C,Core
ST1-AMRO-2,ST1,ST1,MAH,AMRO,2013,ST1-13,ST1-AMRO-2_2013,1,7,186,19.27102574,324.9,309.21,0.866666667,2.466666667,0.75,0.844649022,0.090909091,0.214786838,0.105807858,252.6257898,252.6257898,Constructed,H,C,Core
ST1-AMRO-2,ST1,ST1,MAH,AMRO,2013,ST1-13,ST1-AMRO-2_2013,1,4,190,19.27102574,324.9,309.21,0.866666667,2.466666667,0.75,0.844649022,0.090909091,0.214786838,0.105807858,252.6257898,252.6257898,Constructed,H,C,Core
ST1-AMRO-2,ST1,ST1,MAH,AMRO,2013,ST1-13,ST1-AMRO-2_2013,0,4,194,19.27102574,324.9,309.21,0.866666667,2.466666667,0.75,0.844649022,0.090909091,0.214786838,0.105807858,252.6257898,252.6257898,Constructed,H,C,Core
ST1-AMRO-3,ST1,ST1,MAH,AMRO,2013,ST1-13,ST1-AMRO-3_2013,1,0,218,6.985592466,349.41,342.59,0.866666667,2.466666667,0.75,0.832760596,0.099656357,0.214400399,0.105665443,252.6257898,252.6257898,Constructed,H,C,Core
ST1-AMRO-3,ST1,ST1,MAH,AMRO,2013,ST1-13,ST1-AMRO-3_2013,1,3,221,6.985592466,349.41,342.59,0.866666667,2.466666667,0.75,0.832760596,0.099656357,0.214400399,0.105665443,252.6257898,252.6257898,Constructed,H,C,Core
ST1-AMRO-3,ST1,ST1,MAH,AMRO,2013,ST1-13,ST1-AMRO-3_2013,1,7,228,6.985592466,349.41,342.59,0.866666667,2.466666667,0.75,0.832760596,0.099656357,0.214400399,0.105665443,252.6257898,252.6257898,Constructed,H,C,Core
ST1-AMRO-3,ST1,ST1,MAH,AMRO,2013,ST1-13,ST1-AMRO-3_2013,1,8,236,6.985592466,349.41,342.59,0.866666667,2.466666667,0.75,0.832760596,0.099656357,0.214400399,0.105665443,252.6257898,252.6257898,Constructed,H,C,Core
ST3-AMRO-1,ST3,ST3,MAH,AMRO,2013,ST3-13,ST3-AMRO-1_2013,1,0,145,42.22173352,418.26,163.23,0.95,2.6,1,0.646857143,0.137142857,0.216048947,0.104742725,93.79485029,93.79485029,Constructed,L,C,Core
ST3-AMRO-1,ST3,ST3,MAH,AMRO,2013,ST3-13,ST3-AMRO-1_2013,1,5,150,42.22173352,418.26,163.23,0.95,2.6,1,0.646857143,0.137142857,0.216048947,0.104742725,93.79485029,93.79485029,Constructed,L,C,Core
ST3-AMRO-1,ST3,ST3,MAH,AMRO,2013,ST3-13,ST3-AMRO-1_2013,1,4,154,42.22173352,418.26,163.23,0.95,2.6,1,0.646857143,0.137142857,0.216048947,0.104742725,93.79485029,93.79485029,Constructed,L,C,Core
ST3-AMRO-1,ST3,ST3,MAH,AMRO,2013,ST3-13,ST3-AMRO-1_2013,1,3,157,42.22173352,418.26,163.23,0.95,2.6,1,0.646857143,0.137142857,0.216048947,0.104742725,93.79485029,93.79485029,Constructed,L,C,Core
ST3-AMRO-1,ST3,ST3,MAH,AMRO,2013,ST3-13,ST3-AMRO-1_2013,1,4,161,42.22173352,418.26,163.23,0.95,2.6,1,0.646857143,0.137142857,0.216048947,0.104742725,93.79485029,93.79485029,Constructed,L,C,Core
UET-AMRO-1,UET,UET,MAH,AMRO,2013,UET-13,UET-AMRO-1_2013,1,0,142,41.44412387,550.12,220.72,1.433333333,3.933333333,2.05,0.76975945,0.121420389,0.230519839,0.099341131,493.1557688,493.1557688,Constructed,H,C,Core
UET-AMRO-1,UET,UET,MAH,AMRO,2013,UET-13,UET-AMRO-1_2013,1,3,145,41.44412387,550.12,220.72,1.433333333,3.933333333,2.05,0.76975945,0.121420389,0.230519839,0.099341131,493.1557688,493.1557688,Constructed,H,C,Core
UET-AMRO-1,UET,UET,MAH,AMRO,2013,UET-13,UET-AMRO-1_2013,1,5,150,41.44412387,550.12,220.72,1.433333333,3.933333333,2.05,0.76975945,0.121420389,0.230519839,0.099341131,493.1557688,493.1557688,Constructed,H,C,Core
UET-AMRO-1,UET,UET,MAH,AMRO,2013,UET-13,UET-AMRO-1_2013,1,4,154,41.44412387,550.12,220.72,1.433333333,3.933333333,2.05,0.76975945,0.121420389,0.230519839,0.099341131,493.1557688,493.1557688,Constructed,H,C,Core
UET-AMRO-1,UET,UET,MAH,AMRO,2013,UET-13,UET-AMRO-1_2013,0,3,157,41.44412387,550.12,220.72,1.433333333,3.933333333,2.05,0.76975945,0.121420389,0.230519839,0.099341131,493.1557688,493.1557688,Constructed,H,C,Core
UET-AMRO-1,UET,UET,MAH,AMRO,2013,UET-13,UET-AMRO-1_2013,2,0,161,41.44412387,550.12,220.72,1.433333333,3.933333333,2.05,0.76975945,0.121420389,0.230519839,0.099341131,493.1557688,493.1557688,Constructed,H,C,Core
UET-AMRO-1,UET,UET,MAH,AMRO,2013,UET-13,UET-AMRO-1_2013,2,0,164,41.44412387,550.12,220.72,1.433333333,3.933333333,2.05,0.76975945,0.121420389,0.230519839,0.099341131,493.1557688,493.1557688,Constructed,H,C,Core
UET-AMRO-1,UET,UET,MAH,AMRO,2013,UET-13,UET-AMRO-1_2013,2,0,168,41.44412387,550.12,220.72,1.433333333,3.933333333,2.05,0.76975945,0.121420389,0.230519839,0.099341131,493.1557688,493.1557688,Constructed,H,C,Core
UET-AMRO-2,UET,UET,MAH,AMRO,2013,UET-13,UET-AMRO-2_2013,1,0,164,5.630218832,569.96,214.33,1.433333333,3.933333333,2.05,0.767548907,0.116225547,0.23027565,0.099012258,493.1557688,493.1557688,Constructed,H,C,Core
UET-AMRO-2,UET,UET,MAH,AMRO,2013,UET-13,UET-AMRO-2_2013,1,4,168,5.630218832,569.96,214.33,1.433333333,3.933333333,2.05,0.767548907,0.116225547,0.23027565,0.099012258,493.1557688,493.1557688,Constructed,H,C,Core
UET-AMRO-2,UET,UET,MAH,AMRO,2013,UET-13,UET-AMRO-2_2013,1,3,171,5.630218832,569.96,214.33,1.433333333,3.933333333,2.05,0.767548907,0.116225547,0.23027565,0.099012258,493.1557688,493.1557688,Constructed,H,C,Core
UET-AMRO-2,UET,UET,MAH,AMRO,2013,UET-13,UET-AMRO-2_2013,1,5,176,5.630218832,569.96,214.33,1.433333333,3.933333333,2.05,0.767548907,0.116225547,0.23027565,0.099012258,493.1557688,493.1557688,Constructed,H,C,Core
UET-AMRO-2,UET,UET,MAH,AMRO,2013,UET-13,UET-AMRO-2_2013,1,3,179,5.630218832,569.96,214.33,1.433333333,3.933333333,2.05,0.767548907,0.116225547,0.23027565,0.099012258,493.1557688,493.1557688,Constructed,H,C,Core
UET-AMRO-2,UET,UET,MAH,AMRO,2013,UET-13,UET-AMRO-2_2013,1,4,183,5.630218832,569.96,214.33,1.433333333,3.933333333,2.05,0.767548907,0.116225547,0.23027565,0.099012258,493.1557688,493.1557688,Constructed,H,C,Core
UET-AMRO-2,UET,UET,MAH,AMRO,2013,UET-13,UET-AMRO-2_2013,1,3,186,5.630218832,569.96,214.33,1.433333333,3.933333333,2.05,0.767548907,0.116225547,0.23027565,0.099012258,493.1557688,493.1557688,Constructed,H,C,Core
UET-AMRO-2,UET,UET,MAH,AMRO,2013,UET-13,UET-AMRO-2_2013,1,4,190,5.630218832,569.96,214.33,1.433333333,3.933333333,2.05,0.767548907,0.116225547,0.23027565,0.099012258,493.1557688,493.1557688,Constructed,H,C,Core
UET-AMRO-2,UET,UET,MAH,AMRO,2013,UET-13,UET-AMRO-2_2013,1,3,193,5.630218832,569.96,214.33,1.433333333,3.933333333,2.05,0.767548907,0.116225547,0.23027565,0.099012258,493.1557688,493.1557688,Constructed,H,C,Core
UET-AMRO-2,UET,UET,MAH,AMRO,2013,UET-13,UET-AMRO-2_2013,1,4,197,5.630218832,569.96,214.33,1.433333333,3.933333333,2.05,0.767548907,0.116225547,0.23027565,0.099012258,493.1557688,493.1557688,Constructed,H,C,Core
UET-AMRO-2,UET,UET,MAH,AMRO,2013,UET-13,UET-AMRO-2_2013,1,3,200,5.630218832,569.96,214.33,1.433333333,3.933333333,2.05,0.767548907,0.116225547,0.23027565,0.099012258,493.1557688,493.1557688,Constructed,H,C,Core
ULS-AMRO-2,ULS,ULS,MAH,AMRO,2013,ULS-13,ULS-AMRO-2_2013,1,0,165,171.6345895,420.16,293.77,1.566666667,3.733333333,2,0.823191734,0.07347876,0.22829065,0.093618168,493.1557688,493.1557688,Old Road,H,R,Core
ULS-AMRO-2,ULS,ULS,MAH,AMRO,2013,ULS-13,ULS-AMRO-2_2013,1,4,169,171.6345895,420.16,293.77,1.566666667,3.733333333,2,0.823191734,0.07347876,0.22829065,0.093618168,493.1557688,493.1557688,Old Road,H,R,Core
ULS-AMRO-3,ULS,ULS,MAH,AMRO,2013,ULS-13,ULS-AMRO-3_2013,2,0,177,18.32991545,232.04,130.55,1.566666667,3.733333333,2,0.610538373,0.105383734,0.227245887,0.092369432,493.1557688,493.1557688,Old Road,H,R,Core
ULS-AMRO-3,ULS,ULS,MAH,AMRO,2013,ULS-13,ULS-AMRO-3_2013,1,3,180,18.32991545,232.04,130.55,1.566666667,3.733333333,2,0.610538373,0.105383734,0.227245887,0.092369432,493.1557688,493.1557688,Old Road,H,R,Core
ULS-AMRO-3,ULS,ULS,MAH,AMRO,2013,ULS-13,ULS-AMRO-3_2013,1,4,184,18.32991545,232.04,130.55,1.566666667,3.733333333,2,0.610538373,0.105383734,0.227245887,0.092369432,493.1557688,493.1557688,Old Road,H,R,Core
ULS-AMRO-3,ULS,ULS,MAH,AMRO,2013,ULS-13,ULS-AMRO-3_2013,1,3,187,18.32991545,232.04,130.55,1.566666667,3.733333333,2,0.610538373,0.105383734,0.227245887,0.092369432,493.1557688,493.1557688,Old Road,H,R,Core
ULS-AMRO-3,ULS,ULS,MAH,AMRO,2013,ULS-13,ULS-AMRO-3_2013,0,4,191,18.32991545,232.04,130.55,1.566666667,3.733333333,2,0.610538373,0.105383734,0.227245887,0.092369432,493.1557688,493.1557688,Old Road,H,R,Core
UWT-AMRO-1,UWT,UWT,MAH,AMRO,2013,UWT-13,UWT-AMRO-1_2013,1,0,155,45.9312173,826.2,37.1,2.456,5.869,0.655,0.894495413,0.061926606,0.234845707,0.093621446,126.0754665,0,Old Road,H,R,Edge
UWT-AMRO-1,UWT,UWT,MAH,AMRO,2013,UWT-13,UWT-AMRO-1_2013,1,3,158,45.9312173,826.2,37.1,2.456,5.869,0.655,0.894495413,0.061926606,0.234845707,0.093621446,126.0754665,0,Old Road,H,R,Edge
UWT-AMRO-1,UWT,UWT,MAH,AMRO,2013,UWT-13,UWT-AMRO-1_2013,1,4,162,45.9312173,826.2,37.1,2.456,5.869,0.655,0.894495413,0.061926606,0.234845707,0.093621446,126.0754665,0,Old Road,H,R,Edge
UWT-AMRO-1,UWT,UWT,MAH,AMRO,2013,UWT-13,UWT-AMRO-1_2013,1,3,165,45.9312173,826.2,37.1,2.456,5.869,0.655,0.894495413,0.061926606,0.234845707,0.093621446,126.0754665,0,Old Road,H,R,Edge
UWT-AMRO-1,UWT,UWT,MAH,AMRO,2013,UWT-13,UWT-AMRO-1_2013,1,4,169,45.9312173,826.2,37.1,2.456,5.869,0.655,0.894495413,0.061926606,0.234845707,0.093621446,126.0754665,0,Old Road,H,R,Edge
UWT-AMRO-1,UWT,UWT,MAH,AMRO,2013,UWT-13,UWT-AMRO-1_2013,1,3,172,45.9312173,826.2,37.1,2.456,5.869,0.655,0.894495413,0.061926606,0.234845707,0.093621446,126.0754665,0,Old Road,H,R,Edge
UWT-AMRO-1,UWT,UWT,MAH,AMRO,2013,UWT-13,UWT-AMRO-1_2013,1,8,180,45.9312173,826.2,37.1,2.456,5.869,0.655,0.894495413,0.061926606,0.234845707,0.093621446,126.0754665,0,Old Road,H,R,Edge
UWT-AMRO-1,UWT,UWT,MAH,AMRO,2013,UWT-13,UWT-AMRO-1_2013,1,4,184,45.9312173,826.2,37.1,2.456,5.869,0.655,0.894495413,0.061926606,0.234845707,0.093621446,126.0754665,0,Old Road,H,R,Edge
UWT-AMRO-1,UWT,UWT,MAH,AMRO,2013,UWT-13,UWT-AMRO-1_2013,1,3,187,45.9312173,826.2,37.1,2.456,5.869,0.655,0.894495413,0.061926606,0.234845707,0.093621446,126.0754665,0,Old Road,H,R,Edge
UWT-AMRO-2,UWT,UWT,MAH,AMRO,2013,UWT-13,UWT-AMRO-2_2013,1,0,180,11.4792371,728.23,35.62,2.456,5.869,0.655,0.933714286,0.057142857,0.23406663,0.093000404,493.1557688,493.1557688,Old Road,H,R,Core
UWT-AMRO-2,UWT,UWT,MAH,AMRO,2013,UWT-13,UWT-AMRO-2_2013,1,4,184,11.4792371,728.23,35.62,2.456,5.869,0.655,0.933714286,0.057142857,0.23406663,0.093000404,493.1557688,493.1557688,Old Road,H,R,Core
UWT-AMRO-2,UWT,UWT,MAH,AMRO,2013,UWT-13,UWT-AMRO-2_2013,0,3,187,11.4792371,728.23,35.62,2.456,5.869,0.655,0.933714286,0.057142857,0.23406663,0.093000404,493.1557688,493.1557688,Old Road,H,R,Core
UWT-AMRO-2,UWT,UWT,MAH,AMRO,2013,UWT-13,UWT-AMRO-2_2013,2,0,191,11.4792371,728.23,35.62,2.456,5.869,0.655,0.933714286,0.057142857,0.23406663,0.093000404,493.1557688,493.1557688,Old Road,H,R,Core
UWT-AMRO-2,UWT,UWT,MAH,AMRO,2013,UWT-13,UWT-AMRO-2_2013,2,0,194,11.4792371,728.23,35.62,2.456,5.869,0.655,0.933714286,0.057142857,0.23406663,0.093000404,493.1557688,493.1557688,Old Road,H,R,Core
