NID,Plot,Trail,Study,Species,Year,PlotYear,ident,FATE,EXP,ParaStat,OrdDate,OrdDate2,TrailDist,RoadDist,EdgeDist,WTR,WBH,GPH,NonCore10km,Core500m,Edge60m,Core10km,Edge60m10km,PatchArea,CoreArea,TrailType,UseLevel,PlotType,PatchType
BH8-ACFL-4-09,BH8,BH8,MJP,ACFL,2009,BH8-09,18-04_2009,1,5,1,166,27556,36.16,426.55,544.31,0.9,7,0,0.55,1,0,0.28,0.1,2754.734404,2754.734404,Constructed,L,C,Core
BH8-ACFL-4-09,BH8,BH8,MJP,ACFL,2009,BH8-09,18-04_2009,1,4,1,170,28900,36.16,426.55,544.31,0.9,7,0,0.55,1,0,0.28,0.1,2754.734404,2754.734404,Constructed,L,C,Core
BH8-ACFL-4-09,BH8,BH8,MJP,ACFL,2009,BH8-09,18-04_2009,1,4,1,174,30276,36.16,426.55,544.31,0.9,7,0,0.55,1,0,0.28,0.1,2754.734404,2754.734404,Constructed,L,C,Core
BH8-ACFL-4-09,BH8,BH8,MJP,ACFL,2009,BH8-09,18-04_2009,1,3,1,177,31329,36.16,426.55,544.31,0.9,7,0,0.55,1,0,0.28,0.1,2754.734404,2754.734404,Constructed,L,C,Core
BH8-ACFL-4-09,BH8,BH8,MJP,ACFL,2009,BH8-09,18-04_2009,0,4,1,181,32761,36.16,426.55,544.31,0.9,7,0,0.55,1,0,0.28,0.1,2754.734404,2754.734404,Constructed,L,C,Core
BH8-ACFL-7-09,BH8,BH8,MJP,ACFL,2009,BH8-09,18-07_2009,1,5,1,194,37636,36.88,507.33,626.92,0.9,7,0,0.55,1,0,0.28,0.1,2754.734404,2754.734404,Constructed,L,C,Core
BH8-ACFL-7-09,BH8,BH8,MJP,ACFL,2009,BH8-09,18-07_2009,1,3,1,197,38809,36.88,507.33,626.92,0.9,7,0,0.55,1,0,0.28,0.1,2754.734404,2754.734404,Constructed,L,C,Core
BH8-ACFL-7-09,BH8,BH8,MJP,ACFL,2009,BH8-09,18-07_2009,1,4,1,201,40401,36.88,507.33,626.92,0.9,7,0,0.55,1,0,0.28,0.1,2754.734404,2754.734404,Constructed,L,C,Core
BH8-ACFL-7-09,BH8,BH8,MJP,ACFL,2009,BH8-09,18-07_2009,0,5,1,206,42436,36.88,507.33,626.92,0.9,7,0,0.55,1,0,0.28,0.1,2754.734404,2754.734404,Constructed,L,C,Core
BH9-ACFL-2-09,BH9,BH9,MJP,ACFL,2009,BH9-09,19-02_2009,1,3,0,156,24336,33.05,599.11,761.84,1.37,7.03,0,0.55,1,0,0.28,0.1,2754.734404,2754.734404,Constructed,L,C,Core
BH9-ACFL-2-09,BH9,BH9,MJP,ACFL,2009,BH9-09,19-02_2009,1,4,0,160,25600,33.05,599.11,761.84,1.37,7.03,0,0.55,1,0,0.28,0.1,2754.734404,2754.734404,Constructed,L,C,Core
BH9-ACFL-2-09,BH9,BH9,MJP,ACFL,2009,BH9-09,19-02_2009,1,6,0,166,27556,33.05,599.11,761.84,1.37,7.03,0,0.55,1,0,0.28,0.1,2754.734404,2754.734404,Constructed,L,C,Core
BH9-ACFL-2-09,BH9,BH9,MJP,ACFL,2009,BH9-09,19-02_2009,1,4,0,170,28900,33.05,599.11,761.84,1.37,7.03,0,0.55,1,0,0.28,0.1,2754.734404,2754.734404,Constructed,L,C,Core
BH9-ACFL-2-09,BH9,BH9,MJP,ACFL,2009,BH9-09,19-02_2009,1,4,0,174,30276,33.05,599.11,761.84,1.37,7.03,0,0.55,1,0,0.28,0.1,2754.734404,2754.734404,Constructed,L,C,Core
BH9-ACFL-2-09,BH9,BH9,MJP,ACFL,2009,BH9-09,19-02_2009,1,3,0,177,31329,33.05,599.11,761.84,1.37,7.03,0,0.55,1,0,0.28,0.1,2754.734404,2754.734404,Constructed,L,C,Core
BH9-ACFL-2-09,BH9,BH9,MJP,ACFL,2009,BH9-09,19-02_2009,1,4,0,181,32761,33.05,599.11,761.84,1.37,7.03,0,0.55,1,0,0.28,0.1,2754.734404,2754.734404,Constructed,L,C,Core
BH9-ACFL-5-09,BH9,BH9,MJP,ACFL,2009,BH9-09,19-05_2009,1,5,0,194,37636,27.9,609.65,772.57,1.37,7.03,0,0.55,1,0,0.28,0.1,2754.734404,2754.734404,Constructed,L,C,Core
BH9-ACFL-5-09,BH9,BH9,MJP,ACFL,2009,BH9-09,19-05_2009,1,3,0,197,38809,27.9,609.65,772.57,1.37,7.03,0,0.55,1,0,0.28,0.1,2754.734404,2754.734404,Constructed,L,C,Core
BH9-ACFL-5-09,BH9,BH9,MJP,ACFL,2009,BH9-09,19-05_2009,1,4,0,201,40401,27.9,609.65,772.57,1.37,7.03,0,0.55,1,0,0.28,0.1,2754.734404,2754.734404,Constructed,L,C,Core
BH9-ACFL-5-09,BH9,BH9,MJP,ACFL,2009,BH9-09,19-05_2009,1,5,0,206,42436,27.9,609.65,772.57,1.37,7.03,0,0.55,1,0,0.28,0.1,2754.734404,2754.734404,Constructed,L,C,Core
BH9-ACFL-5-09,BH9,BH9,MJP,ACFL,2009,BH9-09,19-05_2009,1,3,0,209,43681,27.9,609.65,772.57,1.37,7.03,0,0.55,1,0,0.28,0.1,2754.734404,2754.734404,Constructed,L,C,Core
BH9-ACFL-5-09,BH9,BH9,MJP,ACFL,2009,BH9-09,19-05_2009,1,3,0,212,44944,27.9,609.65,772.57,1.37,7.03,0,0.55,1,0,0.28,0.1,2754.734404,2754.734404,Constructed,L,C,Core
BH9-ACFL-5-09,BH9,BH9,MJP,ACFL,2009,BH9-09,19-05_2009,1,4,0,216,46656,27.9,609.65,772.57,1.37,7.03,0,0.55,1,0,0.28,0.1,2754.734404,2754.734404,Constructed,L,C,Core
BH9-ACFL-5-09,BH9,BH9,MJP,ACFL,2009,BH9-09,19-05_2009,1,3,0,219,47961,27.9,609.65,772.57,1.37,7.03,0,0.55,1,0,0.28,0.1,2754.734404,2754.734404,Constructed,L,C,Core
BH9-ACFL-3-09,BH9,BH9,MJP,ACFL,2009,BH9-09,19-03_2009,1,4,1,174,30276,28.37,398.15,570.15,1.37,7.03,0,0.55,1,0,0.28,0.1,2754.734404,2754.734404,Constructed,L,C,Core
BH9-ACFL-3-09,BH9,BH9,MJP,ACFL,2009,BH9-09,19-03_2009,1,3,1,177,31329,28.37,398.15,570.15,1.37,7.03,0,0.55,1,0,0.28,0.1,2754.734404,2754.734404,Constructed,L,C,Core
BH9-ACFL-3-09,BH9,BH9,MJP,ACFL,2009,BH9-09,19-03_2009,1,4,1,181,32761,28.37,398.15,570.15,1.37,7.03,0,0.55,1,0,0.28,0.1,2754.734404,2754.734404,Constructed,L,C,Core
BH9-ACFL-3-09,BH9,BH9,MJP,ACFL,2009,BH9-09,19-03_2009,0,3,1,184,33856,28.37,398.15,570.15,1.37,7.03,0,0.55,1,0,0.28,0.1,2754.734404,2754.734404,Constructed,L,C,Core
BH9-ACFL-4-09,BH9,BH9,MJP,ACFL,2009,BH9-09,19-04_2009,1,4,1,174,30276,114.55,449.29,521.88,1.37,7.03,0,0.55,1,0,0.28,0.1,2754.734404,2754.734404,Constructed,L,C,Core
BH9-ACFL-4-09,BH9,BH9,MJP,ACFL,2009,BH9-09,19-04_2009,1,3,1,177,31329,114.55,449.29,521.88,1.37,7.03,0,0.55,1,0,0.28,0.1,2754.734404,2754.734404,Constructed,L,C,Core
BH9-ACFL-4-09,BH9,BH9,MJP,ACFL,2009,BH9-09,19-04_2009,1,4,1,181,32761,114.55,449.29,521.88,1.37,7.03,0,0.55,1,0,0.28,0.1,2754.734404,2754.734404,Constructed,L,C,Core
BH9-ACFL-4-09,BH9,BH9,MJP,ACFL,2009,BH9-09,19-04_2009,1,3,1,184,33856,114.55,449.29,521.88,1.37,7.03,0,0.55,1,0,0.28,0.1,2754.734404,2754.734404,Constructed,L,C,Core
BH9-ACFL-6-09,BH9,BH9,MJP,ACFL,2009,BH9-09,19-06_2009,1,3,0,197,38809,104.07,518.39,597.64,1.37,7.03,0,0.55,1,0,0.28,0.1,2754.734404,2754.734404,Constructed,L,C,Core
BR7-ACFL-3-09,BR7,BR7,MJP,ACFL,2009,BR7-09,17-03_2009,1,3,1,196,38416,333.56,830.51,769.24,1.1,5.9,0,0.59,1,0,0.25,0.09,1031.448861,1031.448861,Constructed,L,C,Core
BR7-ACFL-3-09,BR7,BR7,MJP,ACFL,2009,BR7-09,17-03_2009,1,5,1,201,40401,333.56,830.51,769.24,1.1,5.9,0,0.59,1,0,0.25,0.09,1031.448861,1031.448861,Constructed,L,C,Core
EB5-ACFL-10-09,EB5,EBW,MJP,ACFL,2009,EBW-09,05-10_2009,0,4,1,175,30625,125.56,677.28,469.79,3.9,10.5,1.51,0.58,0.98,0.02,0.24,0.1,493.1557688,493.1557688,Old Road,H,R,Core
EB6-ACFL-12-09,EB6,EBW,MJP,ACFL,2009,EBW-09,06-12_2009,0,4,1,182,33124,128.88,782.95,530.85,4.2,8,1.51,0.58,1,0.01,0.24,0.1,493.1557688,493.1557688,Old Road,H,R,Core
EB6-ACFL-9-09,EB6,EBW,MJP,ACFL,2009,EBW-09,06-09_2009,1,4,1,175,30625,145.12,948.86,591.93,4.2,8,1.51,0.59,1,0,0.24,0.1,493.1557688,493.1557688,Old Road,H,R,Core
EB6-ACFL-9-09,EB6,EBW,MJP,ACFL,2009,EBW-09,06-09_2009,1,3,1,178,31684,145.12,948.86,591.93,4.2,8,1.51,0.59,1,0,0.24,0.1,493.1557688,493.1557688,Old Road,H,R,Core
EB6-ACFL-9-09,EB6,EBW,MJP,ACFL,2009,EBW-09,06-09_2009,1,4,1,182,33124,145.12,948.86,591.93,4.2,8,1.51,0.59,1,0,0.24,0.1,493.1557688,493.1557688,Old Road,H,R,Core
EB6-ACFL-9-09,EB6,EBW,MJP,ACFL,2009,EBW-09,06-09_2009,1,5,1,187,34969,145.12,948.86,591.93,4.2,8,1.51,0.59,1,0,0.24,0.1,493.1557688,493.1557688,Old Road,H,R,Core
EB6-ACFL-9-09,EB6,EBW,MJP,ACFL,2009,EBW-09,06-09_2009,1,3,1,190,36100,145.12,948.86,591.93,4.2,8,1.51,0.59,1,0,0.24,0.1,493.1557688,493.1557688,Old Road,H,R,Core
EB6-ACFL-9-09,EB6,EBW,MJP,ACFL,2009,EBW-09,06-09_2009,1,5,1,195,38025,145.12,948.86,591.93,4.2,8,1.51,0.59,1,0,0.24,0.1,493.1557688,493.1557688,Old Road,H,R,Core
EB6-ACFL-9-09,EB6,EBW,MJP,ACFL,2009,EBW-09,06-09_2009,1,3,1,198,39204,145.12,948.86,591.93,4.2,8,1.51,0.59,1,0,0.24,0.1,493.1557688,493.1557688,Old Road,H,R,Core
EB6-ACFL-9-09,EB6,EBW,MJP,ACFL,2009,EBW-09,06-09_2009,1,5,1,203,41209,145.12,948.86,591.93,4.2,8,1.51,0.59,1,0,0.24,0.1,493.1557688,493.1557688,Old Road,H,R,Core
EB7-ACFL-10-09,EB7,EBW,MJP,ACFL,2009,EBW-09,07-10_2009,1,4,1,171,29241,51.3,914.92,541.44,4.76,7.31,1.51,0.59,1,0,0.24,0.09,493.1557688,493.1557688,Old Road,H,R,Core
EB7-ACFL-10-09,EB7,EBW,MJP,ACFL,2009,EBW-09,07-10_2009,1,4,1,175,30625,51.3,914.92,541.44,4.76,7.31,1.51,0.59,1,0,0.24,0.09,493.1557688,493.1557688,Old Road,H,R,Core
EB7-ACFL-10-09,EB7,EBW,MJP,ACFL,2009,EBW-09,07-10_2009,1,4,1,179,32041,51.3,914.92,541.44,4.76,7.31,1.51,0.59,1,0,0.24,0.09,493.1557688,493.1557688,Old Road,H,R,Core
EB7-ACFL-10-09,EB7,EBW,MJP,ACFL,2009,EBW-09,07-10_2009,1,3,1,182,33124,51.3,914.92,541.44,4.76,7.31,1.51,0.59,1,0,0.24,0.09,493.1557688,493.1557688,Old Road,H,R,Core
EB7-ACFL-10-09,EB7,EBW,MJP,ACFL,2009,EBW-09,07-10_2009,1,5,1,187,34969,51.3,914.92,541.44,4.76,7.31,1.51,0.59,1,0,0.24,0.09,493.1557688,493.1557688,Old Road,H,R,Core
EB7-ACFL-10-09,EB7,EBW,MJP,ACFL,2009,EBW-09,07-10_2009,1,3,1,190,36100,51.3,914.92,541.44,4.76,7.31,1.51,0.59,1,0,0.24,0.09,493.1557688,493.1557688,Old Road,H,R,Core
EB7-ACFL-10-09,EB7,EBW,MJP,ACFL,2009,EBW-09,07-10_2009,1,5,1,195,38025,51.3,914.92,541.44,4.76,7.31,1.51,0.59,1,0,0.24,0.09,493.1557688,493.1557688,Old Road,H,R,Core
EB7-ACFL-10-09,EB7,EBW,MJP,ACFL,2009,EBW-09,07-10_2009,1,3,1,198,39204,51.3,914.92,541.44,4.76,7.31,1.51,0.59,1,0,0.24,0.09,493.1557688,493.1557688,Old Road,H,R,Core
EB7-ACFL-10-09,EB7,EBW,MJP,ACFL,2009,EBW-09,07-10_2009,1,5,1,203,41209,51.3,914.92,541.44,4.76,7.31,1.51,0.59,1,0,0.24,0.09,493.1557688,493.1557688,Old Road,H,R,Core
EB7-ACFL-16-09,EB7,EBW,MJP,ACFL,2009,EBW-09,07-16_2009,1,5,0,195,38025,21.08,811.12,496.83,4.76,7.31,1.51,0.59,0.97,0.03,0.24,0.09,493.1557688,493.1557688,Old Road,H,R,Core
EB7-ACFL-16-09,EB7,EBW,MJP,ACFL,2009,EBW-09,07-16_2009,1,3,0,198,39204,21.08,811.12,496.83,4.76,7.31,1.51,0.59,0.97,0.03,0.24,0.09,493.1557688,493.1557688,Old Road,H,R,Core
EB7-ACFL-16-09,EB7,EBW,MJP,ACFL,2009,EBW-09,07-16_2009,0,5,0,203,41209,21.08,811.12,496.83,4.76,7.31,1.51,0.59,0.97,0.03,0.24,0.09,493.1557688,493.1557688,Old Road,H,R,Core
EB7-ACFL-18-09,EB7,EBW,MJP,ACFL,2009,EBW-09,07-16_2009,1,3,0,224,50176,14.39,883.23,383.53,3.23,4.27,1.51,0.59,0.97,0.03,0.24,0.09,493.1557688,493.1557688,Old Road,H,R,Core
EB7-ACFL-18-09,EB7,EBW,MJP,ACFL,2009,EBW-09,07-16_2009,1,5,0,229,52441,14.39,883.23,383.53,3.23,4.27,1.51,0.59,0.97,0.03,0.24,0.09,493.1557688,493.1557688,Old Road,H,R,Core
EB7-ACFL-18-09,EB7,EBW,MJP,ACFL,2009,EBW-09,07-16_2009,1,4,0,233,54289,14.39,883.23,383.53,3.23,4.27,1.51,0.59,0.97,0.03,0.24,0.09,493.1557688,493.1557688,Old Road,H,R,Core
EB7-ACFL-18-09,EB7,EBW,MJP,ACFL,2009,EBW-09,07-16_2009,1,4,0,237,56169,14.39,883.23,383.53,3.23,4.27,1.51,0.59,0.97,0.03,0.24,0.09,493.1557688,493.1557688,Old Road,H,R,Core
EB7-ACFL-8-09,EB7,EBW,MJP,ACFL,2009,EBW-09,07-08_2009,1,5,1,167,27889,21.91,919.15,602.87,4.76,7.31,1.51,0.59,1,0,0.24,0.09,493.1557688,493.1557688,Old Road,H,R,Core
EB7-ACFL-8-09,EB7,EBW,MJP,ACFL,2009,EBW-09,07-08_2009,1,4,1,171,29241,21.91,919.15,602.87,4.76,7.31,1.51,0.59,1,0,0.24,0.09,493.1557688,493.1557688,Old Road,H,R,Core
EB7-ACFL-8-09,EB7,EBW,MJP,ACFL,2009,EBW-09,07-08_2009,1,4,1,175,30625,21.91,919.15,602.87,4.76,7.31,1.51,0.59,1,0,0.24,0.09,493.1557688,493.1557688,Old Road,H,R,Core
EB7-ACFL-8-09,EB7,EBW,MJP,ACFL,2009,EBW-09,07-08_2009,1,4,1,179,32041,21.91,919.15,602.87,4.76,7.31,1.51,0.59,1,0,0.24,0.09,493.1557688,493.1557688,Old Road,H,R,Core
EB7-ACFL-9-09,EB7,EBW,MJP,ACFL,2009,EBW-09,07-09_2009,0,5,1,167,27889,26.18,925.02,566.44,4.76,7.31,1.51,0.59,1,0,0.24,0.09,493.1557688,493.1557688,Old Road,H,R,Core
LR2-ACFL-1-09,LR2,LR2,MJP,ACFL,2009,LR2-09,12-01_2009,1,3,0,155,24025,66.81,558.47,202.28,2.67,9.68,0,0.55,0.79,0.13,0.28,0.1,2754.734404,2754.734404,Old Road,L,R,Core
LR2-ACFL-1-09,LR2,LR2,MJP,ACFL,2009,LR2-09,12-01_2009,1,5,0,160,25600,66.81,558.47,202.28,2.67,9.68,0,0.55,0.79,0.13,0.28,0.1,2754.734404,2754.734404,Old Road,L,R,Core
LR2-ACFL-1-09,LR2,LR2,MJP,ACFL,2009,LR2-09,12-01_2009,1,3,0,163,26569,66.81,558.47,202.28,2.67,9.68,0,0.55,0.79,0.13,0.28,0.1,2754.734404,2754.734404,Old Road,L,R,Core
LR2-ACFL-1-09,LR2,LR2,MJP,ACFL,2009,LR2-09,12-01_2009,1,5,0,168,28224,66.81,558.47,202.28,2.67,9.68,0,0.55,0.79,0.13,0.28,0.1,2754.734404,2754.734404,Old Road,L,R,Core
LR2-ACFL-1-09,LR2,LR2,MJP,ACFL,2009,LR2-09,12-01_2009,1,5,0,173,29929,66.81,558.47,202.28,2.67,9.68,0,0.55,0.79,0.13,0.28,0.1,2754.734404,2754.734404,Old Road,L,R,Core
LR2-ACFL-1-09,LR2,LR2,MJP,ACFL,2009,LR2-09,12-01_2009,1,3,0,176,30976,66.81,558.47,202.28,2.67,9.68,0,0.55,0.79,0.13,0.28,0.1,2754.734404,2754.734404,Old Road,L,R,Core
LR2-ACFL-1-09,LR2,LR2,MJP,ACFL,2009,LR2-09,12-01_2009,1,4,0,180,32400,66.81,558.47,202.28,2.67,9.68,0,0.55,0.79,0.13,0.28,0.1,2754.734404,2754.734404,Old Road,L,R,Core
LR2-ACFL-2-09,LR2,LR2,MJP,ACFL,2009,LR2-09,12-02_2009,1,3,0,163,26569,157.1,478.18,256.14,2.67,9.68,0,0.56,0.66,0.17,0.28,0.1,2754.734404,2754.734404,Old Road,L,R,Core
LR2-ACFL-2-09,LR2,LR2,MJP,ACFL,2009,LR2-09,12-02_2009,1,5,0,168,28224,157.1,478.18,256.14,2.67,9.68,0,0.56,0.66,0.17,0.28,0.1,2754.734404,2754.734404,Old Road,L,R,Core
LR2-ACFL-2-09,LR2,LR2,MJP,ACFL,2009,LR2-09,12-02_2009,1,5,0,173,29929,157.1,478.18,256.14,2.67,9.68,0,0.56,0.66,0.17,0.28,0.1,2754.734404,2754.734404,Old Road,L,R,Core
LR2-ACFL-2-09,LR2,LR2,MJP,ACFL,2009,LR2-09,12-02_2009,1,3,0,176,30976,157.1,478.18,256.14,2.67,9.68,0,0.56,0.66,0.17,0.28,0.1,2754.734404,2754.734404,Old Road,L,R,Core
LR2-ACFL-2-09,LR2,LR2,MJP,ACFL,2009,LR2-09,12-02_2009,1,4,0,180,32400,157.1,478.18,256.14,2.67,9.68,0,0.56,0.66,0.17,0.28,0.1,2754.734404,2754.734404,Old Road,L,R,Core
LR2-ACFL-2-09,LR2,LR2,MJP,ACFL,2009,LR2-09,12-02_2009,1,3,0,183,33489,157.1,478.18,256.14,2.67,9.68,0,0.56,0.66,0.17,0.28,0.1,2754.734404,2754.734404,Old Road,L,R,Core
LR2-ACFL-2-09,LR2,LR2,MJP,ACFL,2009,LR2-09,12-02_2009,1,5,0,188,35344,157.1,478.18,256.14,2.67,9.68,0,0.56,0.66,0.17,0.28,0.1,2754.734404,2754.734404,Old Road,L,R,Core
LR2-ACFL-4-09,LR2,LR2,MJP,ACFL,2009,LR2-09,12-04_2009,1,5,0,173,29929,116.72,696.16,311.74,2.67,9.68,0,0.55,0.9,0.07,0.28,0.1,2754.734404,2754.734404,Old Road,L,R,Core
LR2-ACFL-4-09,LR2,LR2,MJP,ACFL,2009,LR2-09,12-04_2009,1,3,0,176,30976,116.72,696.16,311.74,2.67,9.68,0,0.55,0.9,0.07,0.28,0.1,2754.734404,2754.734404,Old Road,L,R,Core
LR2-ACFL-4-09,LR2,LR2,MJP,ACFL,2009,LR2-09,12-04_2009,1,4,0,180,32400,116.72,696.16,311.74,2.67,9.68,0,0.55,0.9,0.07,0.28,0.1,2754.734404,2754.734404,Old Road,L,R,Core
LR2-ACFL-4-09,LR2,LR2,MJP,ACFL,2009,LR2-09,12-04_2009,1,3,0,183,33489,116.72,696.16,311.74,2.67,9.68,0,0.55,0.9,0.07,0.28,0.1,2754.734404,2754.734404,Old Road,L,R,Core
LR2-ACFL-4-09,LR2,LR2,MJP,ACFL,2009,LR2-09,12-04_2009,1,5,0,188,35344,116.72,696.16,311.74,2.67,9.68,0,0.55,0.9,0.07,0.28,0.1,2754.734404,2754.734404,Old Road,L,R,Core
LR2-ACFL-4-09,LR2,LR2,MJP,ACFL,2009,LR2-09,12-04_2009,1,5,0,193,37249,116.72,696.16,311.74,2.67,9.68,0,0.55,0.9,0.07,0.28,0.1,2754.734404,2754.734404,Old Road,L,R,Core
LR2-ACFL-5-09,LR2,LR2,MJP,ACFL,2009,LR2-09,12-05_2009,1,5,0,188,35344,217.04,696.09,376.13,2.67,9.68,0,0.55,0.85,0.1,0.28,0.1,2754.734404,2754.734404,Old Road,L,R,Core
LR2-ACFL-5-09,LR2,LR2,MJP,ACFL,2009,LR2-09,12-05_2009,1,5,0,193,37249,217.04,696.09,376.13,2.67,9.68,0,0.55,0.85,0.1,0.28,0.1,2754.734404,2754.734404,Old Road,L,R,Core
LR2-ACFL-5-09,LR2,LR2,MJP,ACFL,2009,LR2-09,12-05_2009,1,3,0,196,38416,217.04,696.09,376.13,2.67,9.68,0,0.55,0.85,0.1,0.28,0.1,2754.734404,2754.734404,Old Road,L,R,Core
LR2-ACFL-5-09,LR2,LR2,MJP,ACFL,2009,LR2-09,12-05_2009,1,5,0,201,40401,217.04,696.09,376.13,2.67,9.68,0,0.55,0.85,0.1,0.28,0.1,2754.734404,2754.734404,Old Road,L,R,Core
LR2-ACFL-5-09,LR2,LR2,MJP,ACFL,2009,LR2-09,12-05_2009,1,5,0,206,42436,217.04,696.09,376.13,2.67,9.68,0,0.55,0.85,0.1,0.28,0.1,2754.734404,2754.734404,Old Road,L,R,Core
LR2-ACFL-5-09,LR2,LR2,MJP,ACFL,2009,LR2-09,12-05_2009,1,3,0,209,43681,217.04,696.09,376.13,2.67,9.68,0,0.55,0.85,0.1,0.28,0.1,2754.734404,2754.734404,Old Road,L,R,Core
LR2-ACFL-5-09,LR2,LR2,MJP,ACFL,2009,LR2-09,12-05_2009,1,3,0,212,44944,217.04,696.09,376.13,2.67,9.68,0,0.55,0.85,0.1,0.28,0.1,2754.734404,2754.734404,Old Road,L,R,Core
LR2-ACFL-5-09,LR2,LR2,MJP,ACFL,2009,LR2-09,12-05_2009,1,4,0,216,46656,217.04,696.09,376.13,2.67,9.68,0,0.55,0.85,0.1,0.28,0.1,2754.734404,2754.734404,Old Road,L,R,Core
LR2-ACFL-7-09,LR2,LR2,MJP,ACFL,2009,LR2-09,12-07_2009,1,3,1,196,38416,123.64,574.94,254.48,2.67,9.68,0,0.55,0.79,0.12,0.28,0.1,2754.734404,2754.734404,Old Road,L,R,Core
LR2-ACFL-7-09,LR2,LR2,MJP,ACFL,2009,LR2-09,12-07_2009,1,5,1,201,40401,123.64,574.94,254.48,2.67,9.68,0,0.55,0.79,0.12,0.28,0.1,2754.734404,2754.734404,Old Road,L,R,Core
LR2-ACFL-7-09,LR2,LR2,MJP,ACFL,2009,LR2-09,12-07_2009,0,5,1,206,42436,123.64,574.94,254.48,2.67,9.68,0,0.55,0.79,0.12,0.28,0.1,2754.734404,2754.734404,Old Road,L,R,Core
LR2-ACFL-8-09,LR2,LR2,MJP,ACFL,2009,LR2-09,12-08_2009,1,5,0,201,40401,185.53,481.85,263.16,2.67,9.68,0,0.56,0.66,0.16,0.28,0.1,2754.734404,2754.734404,Old Road,L,R,Core
LR2-ACFL-8-09,LR2,LR2,MJP,ACFL,2009,LR2-09,12-08_2009,1,5,0,206,42436,185.53,481.85,263.16,2.67,9.68,0,0.56,0.66,0.16,0.28,0.1,2754.734404,2754.734404,Old Road,L,R,Core
LR2-ACFL-8-09,LR2,LR2,MJP,ACFL,2009,LR2-09,12-08_2009,1,3,0,209,43681,185.53,481.85,263.16,2.67,9.68,0,0.56,0.66,0.16,0.28,0.1,2754.734404,2754.734404,Old Road,L,R,Core
LR2-ACFL-8-09,LR2,LR2,MJP,ACFL,2009,LR2-09,12-08_2009,1,3,0,212,44944,185.53,481.85,263.16,2.67,9.68,0,0.56,0.66,0.16,0.28,0.1,2754.734404,2754.734404,Old Road,L,R,Core
LR2-ACFL-8-09,LR2,LR2,MJP,ACFL,2009,LR2-09,12-08_2009,1,4,0,216,46656,185.53,481.85,263.16,2.67,9.68,0,0.56,0.66,0.16,0.28,0.1,2754.734404,2754.734404,Old Road,L,R,Core
LR2-ACFL-8-09,LR2,LR2,MJP,ACFL,2009,LR2-09,12-08_2009,1,3,0,219,47961,185.53,481.85,263.16,2.67,9.68,0,0.56,0.66,0.16,0.28,0.1,2754.734404,2754.734404,Old Road,L,R,Core
LR2-ACFL-8-09,LR2,LR2,MJP,ACFL,2009,LR2-09,12-08_2009,1,4,0,223,49729,185.53,481.85,263.16,2.67,9.68,0,0.56,0.66,0.16,0.28,0.1,2754.734404,2754.734404,Old Road,L,R,Core
LR2-ACFL-3-09,LR2,LR2,MJP,ACFL,2009,LR2-09,12-03_2009,1,3,0,163,26569,315.64,548.85,246.8,2.67,9.68,0,0.55,0.71,0.11,0.28,0.1,2754.734404,2754.734404,Old Road,L,R,Core
LR2-ACFL-3-09,LR2,LR2,MJP,ACFL,2009,LR2-09,12-03_2009,1,5,0,168,28224,315.64,548.85,246.8,2.67,9.68,0,0.55,0.71,0.11,0.28,0.1,2754.734404,2754.734404,Old Road,L,R,Core
LR2-ACFL-3-09,LR2,LR2,MJP,ACFL,2009,LR2-09,12-03_2009,1,5,0,173,29929,315.64,548.85,246.8,2.67,9.68,0,0.55,0.71,0.11,0.28,0.1,2754.734404,2754.734404,Old Road,L,R,Core
LR2-ACFL-3-09,LR2,LR2,MJP,ACFL,2009,LR2-09,12-03_2009,1,3,0,176,30976,315.64,548.85,246.8,2.67,9.68,0,0.55,0.71,0.11,0.28,0.1,2754.734404,2754.734404,Old Road,L,R,Core
LR2-ACFL-3-09,LR2,LR2,MJP,ACFL,2009,LR2-09,12-03_2009,1,4,0,180,32400,315.64,548.85,246.8,2.67,9.68,0,0.55,0.71,0.11,0.28,0.1,2754.734404,2754.734404,Old Road,L,R,Core
LR2-ACFL-3-09,LR2,LR2,MJP,ACFL,2009,LR2-09,12-03_2009,1,3,0,183,33489,315.64,548.85,246.8,2.67,9.68,0,0.55,0.71,0.11,0.28,0.1,2754.734404,2754.734404,Old Road,L,R,Core
LR2-ACFL-3-09,LR2,LR2,MJP,ACFL,2009,LR2-09,12-03_2009,1,5,0,188,35344,315.64,548.85,246.8,2.67,9.68,0,0.55,0.71,0.11,0.28,0.1,2754.734404,2754.734404,Old Road,L,R,Core
LR2-ACFL-3-09,LR2,LR2,MJP,ACFL,2009,LR2-09,12-03_2009,1,5,0,193,37249,315.64,548.85,246.8,2.67,9.68,0,0.55,0.71,0.11,0.28,0.1,2754.734404,2754.734404,Old Road,L,R,Core
LR4-ACFL-1-09,LR4,LR4,MJP,ACFL,2009,LR4-09,14-01_2009,1,5,0,160,25600,136.93,833.63,543.37,0.9,4.5,0,0.55,1,0,0.28,0.1,2754.734404,2754.734404,Old Road,L,R,Core
LR4-ACFL-1-09,LR4,LR4,MJP,ACFL,2009,LR4-09,14-01_2009,1,3,0,163,26569,136.93,833.63,543.37,0.9,4.5,0,0.55,1,0,0.28,0.1,2754.734404,2754.734404,Old Road,L,R,Core
LR4-ACFL-1-09,LR4,LR4,MJP,ACFL,2009,LR4-09,14-01_2009,1,5,0,168,28224,136.93,833.63,543.37,0.9,4.5,0,0.55,1,0,0.28,0.1,2754.734404,2754.734404,Old Road,L,R,Core
LR4-ACFL-1-09,LR4,LR4,MJP,ACFL,2009,LR4-09,14-01_2009,1,5,0,173,29929,136.93,833.63,543.37,0.9,4.5,0,0.55,1,0,0.28,0.1,2754.734404,2754.734404,Old Road,L,R,Core
LR4-ACFL-1-09,LR4,LR4,MJP,ACFL,2009,LR4-09,14-01_2009,1,3,0,176,30976,136.93,833.63,543.37,0.9,4.5,0,0.55,1,0,0.28,0.1,2754.734404,2754.734404,Old Road,L,R,Core
LR4-ACFL-1-09,LR4,LR4,MJP,ACFL,2009,LR4-09,14-01_2009,1,4,0,180,32400,136.93,833.63,543.37,0.9,4.5,0,0.55,1,0,0.28,0.1,2754.734404,2754.734404,Old Road,L,R,Core
LR4-ACFL-1-09,LR4,LR4,MJP,ACFL,2009,LR4-09,14-01_2009,1,3,0,183,33489,136.93,833.63,543.37,0.9,4.5,0,0.55,1,0,0.28,0.1,2754.734404,2754.734404,Old Road,L,R,Core
LR4-ACFL-5-09,LR4,LR4,MJP,ACFL,2009,LR4-09,14-05_2009,0,4,1,180,32400,110.06,959.95,518.17,0.9,4.5,0,0.56,0.99,0.01,0.28,0.1,2754.734404,2754.734404,Old Road,L,R,Core
LR4-ACFL-5-09,LR4,LR4,MJP,ACFL,2009,LR4-09,14-05_2009,1,3,1,183,33489,110.06,959.95,518.17,0.9,4.5,0,0.56,0.99,0.01,0.28,0.1,2754.734404,2754.734404,Old Road,L,R,Core
LR4-ACFL-5-09,LR4,LR4,MJP,ACFL,2009,LR4-09,14-05_2009,1,5,1,188,35344,110.06,959.95,518.17,0.9,4.5,0,0.56,0.99,0.01,0.28,0.1,2754.734404,2754.734404,Old Road,L,R,Core
LR4-ACFL-5-09,LR4,LR4,MJP,ACFL,2009,LR4-09,14-05_2009,1,5,1,193,37249,110.06,959.95,518.17,0.9,4.5,0,0.56,0.99,0.01,0.28,0.1,2754.734404,2754.734404,Old Road,L,R,Core
LR4-ACFL-7-09,LR4,LR4,MJP,ACFL,2009,LR4-09,14-07_2009,1,5,0,193,37249,114.62,944.52,569.76,0.9,4.5,0,0.56,1,0,0.28,0.1,2754.734404,2754.734404,Old Road,L,R,Core
LR4-ACFL-7-09,LR4,LR4,MJP,ACFL,2009,LR4-09,14-07_2009,1,3,0,196,38416,114.62,944.52,569.76,0.9,4.5,0,0.56,1,0,0.28,0.1,2754.734404,2754.734404,Old Road,L,R,Core
LR4-ACFL-7-09,LR4,LR4,MJP,ACFL,2009,LR4-09,14-07_2009,1,5,0,201,40401,114.62,944.52,569.76,0.9,4.5,0,0.56,1,0,0.28,0.1,2754.734404,2754.734404,Old Road,L,R,Core
LR4-ACFL-7-09,LR4,LR4,MJP,ACFL,2009,LR4-09,14-07_2009,0,5,0,206,42436,114.62,944.52,569.76,0.9,4.5,0,0.56,1,0,0.28,0.1,2754.734404,2754.734404,Old Road,L,R,Core
LR4-ACFL-8-09,LR4,LR4,MJP,ACFL,2009,LR4-09,14-08_2009,1,3,0,196,38416,179.15,790.26,501.97,0.9,4.5,0,0.55,0.99,0.02,0.28,0.1,2754.734404,2754.734404,Old Road,L,R,Core
LR4-ACFL-8-09,LR4,LR4,MJP,ACFL,2009,LR4-09,14-08_2009,1,5,0,201,40401,179.15,790.26,501.97,0.9,4.5,0,0.55,0.99,0.02,0.28,0.1,2754.734404,2754.734404,Old Road,L,R,Core
LR4-ACFL-8-09,LR4,LR4,MJP,ACFL,2009,LR4-09,14-08_2009,1,5,0,206,42436,179.15,790.26,501.97,0.9,4.5,0,0.55,0.99,0.02,0.28,0.1,2754.734404,2754.734404,Old Road,L,R,Core
LR4-ACFL-8-09,LR4,LR4,MJP,ACFL,2009,LR4-09,14-08_2009,1,3,0,209,43681,179.15,790.26,501.97,0.9,4.5,0,0.55,0.99,0.02,0.28,0.1,2754.734404,2754.734404,Old Road,L,R,Core
LR4-ACFL-8-09,LR4,LR4,MJP,ACFL,2009,LR4-09,14-08_2009,1,3,0,212,44944,179.15,790.26,501.97,0.9,4.5,0,0.55,0.99,0.02,0.28,0.1,2754.734404,2754.734404,Old Road,L,R,Core
LR4-ACFL-8-09,LR4,LR4,MJP,ACFL,2009,LR4-09,14-08_2009,1,4,0,216,46656,179.15,790.26,501.97,0.9,4.5,0,0.55,0.99,0.02,0.28,0.1,2754.734404,2754.734404,Old Road,L,R,Core
LR4-ACFL-8-09,LR4,LR4,MJP,ACFL,2009,LR4-09,14-08_2009,0,3,0,219,47961,179.15,790.26,501.97,0.9,4.5,0,0.55,0.99,0.02,0.28,0.1,2754.734404,2754.734404,Old Road,L,R,Core
LR4-ACFL-9-09,LR4,LR4,MJP,ACFL,2009,LR4-09,14-09_2009,1,5,1,206,42436,93.9,972.65,474.81,0.9,4.5,0,0.56,0.94,0.05,0.28,0.1,2754.734404,2754.734404,Old Road,L,R,Core
LR4-ACFL-9-09,LR4,LR4,MJP,ACFL,2009,LR4-09,14-09_2009,1,3,1,209,43681,93.9,972.65,474.81,0.9,4.5,0,0.56,0.94,0.05,0.28,0.1,2754.734404,2754.734404,Old Road,L,R,Core
LR4-ACFL-9-09,LR4,LR4,MJP,ACFL,2009,LR4-09,14-09_2009,1,3,1,212,44944,93.9,972.65,474.81,0.9,4.5,0,0.56,0.94,0.05,0.28,0.1,2754.734404,2754.734404,Old Road,L,R,Core
LR4-ACFL-9-09,LR4,LR4,MJP,ACFL,2009,LR4-09,14-09_2009,1,4,1,216,46656,93.9,972.65,474.81,0.9,4.5,0,0.56,0.94,0.05,0.28,0.1,2754.734404,2754.734404,Old Road,L,R,Core
LR4-ACFL-3-09,LR4,LR4,MJP,ACFL,2009,LR4-09,14-03_2009,1,4,1,180,32400,288.86,695.48,421.88,0.9,4.5,0,0.55,0.96,0.04,0.28,0.1,2754.734404,2754.734404,Old Road,L,R,Core
LR4-ACFL-3-09,LR4,LR4,MJP,ACFL,2009,LR4-09,14-03_2009,1,3,1,183,33489,288.86,695.48,421.88,0.9,4.5,0,0.55,0.96,0.04,0.28,0.1,2754.734404,2754.734404,Old Road,L,R,Core
SH2-ACFL-11-09,SH2,SH2,MJP,ACFL,2009,SH2-09,08-11_2009,0,3,1,175,30625,94.22,207.53,195.31,1.8,7.2,2.84,0.58,0.47,0.24,0.26,0.09,38.55792105,38.55792105,Constructed,L,R,Core
SH2-ACFL-12-09,SH2,SH2,MJP,ACFL,2009,SH2-09,08-12_2009,0,3,1,175,30625,208.04,102.86,83.7,1.8,7.2,2.84,0.58,0.47,0.25,0.26,0.09,38.55792105,38.55792105,Constructed,L,R,Core
UEM-ACFL-3-09,UEM,UET,MJP,ACFL,2009,UET-09,03-03_2009,1,4,0,181,32761,86,439.45,200.3,2.2,8.3,0.22,0.59,0.69,0.15,0.23,0.1,493.1557688,493.1557688,Constructed,H,R,Core
UEM-ACFL-3-09,UEM,UET,MJP,ACFL,2009,UET-09,03-03_2009,1,3,0,184,33856,86,439.45,200.3,2.2,8.3,0.22,0.59,0.69,0.15,0.23,0.1,493.1557688,493.1557688,Constructed,H,R,Core
UEM-ACFL-3-09,UEM,UET,MJP,ACFL,2009,UET-09,03-03_2009,1,5,0,189,35721,86,439.45,200.3,2.2,8.3,0.22,0.59,0.69,0.15,0.23,0.1,493.1557688,493.1557688,Constructed,H,R,Core
UEM-ACFL-3-09,UEM,UET,MJP,ACFL,2009,UET-09,03-03_2009,1,5,0,194,37636,86,439.45,200.3,2.2,8.3,0.22,0.59,0.69,0.15,0.23,0.1,493.1557688,493.1557688,Constructed,H,R,Core
UWT-ACFL-4-09,UW2,UWT,MJP,ACFL,2009,UWT-09,02-04_2009,1,4,1,170,28900,141.06,651.4,389.08,4.1,10.1,0.66,0.59,0.91,0.06,0.24,0.09,493.1557688,493.1557688,Old Road,H,R,Core
UWT-ACFL-4-09,UW2,UWT,MJP,ACFL,2009,UWT-09,02-04_2009,1,4,1,174,30276,141.06,651.4,389.08,4.1,10.1,0.66,0.59,0.91,0.06,0.24,0.09,493.1557688,493.1557688,Old Road,H,R,Core
UWT-ACFL-4-09,UW2,UWT,MJP,ACFL,2009,UWT-09,02-04_2009,1,3,1,177,31329,141.06,651.4,389.08,4.1,10.1,0.66,0.59,0.91,0.06,0.24,0.09,493.1557688,493.1557688,Old Road,H,R,Core
UWT-ACFL-4-09,UW2,UWT,MJP,ACFL,2009,UWT-09,02-04_2009,0,4,1,181,32761,141.06,651.4,389.08,4.1,10.1,0.66,0.59,0.91,0.06,0.24,0.09,493.1557688,493.1557688,Old Road,H,R,Core
UWT-ACFL-7-09,UW2,UWT,MJP,ACFL,2009,UWT-09,02-07_2009,1,5,0,194,37636,113.68,658.11,406.54,4.1,10.1,0.66,0.59,0.91,0.05,0.23,0.09,493.1557688,493.1557688,Old Road,H,R,Core
UWT-ACFL-7-09,UW2,UWT,MJP,ACFL,2009,UWT-09,02-07_2009,1,4,0,198,39204,113.68,658.11,406.54,4.1,10.1,0.66,0.59,0.91,0.05,0.23,0.09,493.1557688,493.1557688,Old Road,H,R,Core
UWT-ACFL-7-09,UW2,UWT,MJP,ACFL,2009,UWT-09,02-07_2009,1,4,0,202,40804,113.68,658.11,406.54,4.1,10.1,0.66,0.59,0.91,0.05,0.23,0.09,493.1557688,493.1557688,Old Road,H,R,Core
UWT-ACFL-7-09,UW2,UWT,MJP,ACFL,2009,UWT-09,02-07_2009,0,4,0,206,42436,113.68,658.11,406.54,4.1,10.1,0.66,0.59,0.91,0.05,0.23,0.09,493.1557688,493.1557688,Old Road,H,R,Core
BH1-ACFL-1-12,BH1,BH1,MAH,ACFL,2012,BH1-12,BH1-ACFL-1_2012,1,0,0,162,26244,29.01,496.88,618.63,0.53,3.13,0.33,0.55,1,0,0.28,0.1,2754.734404,2754.734404,Constructed,L,C,Core
BH1-ACFL-1-12,BH1,BH1,MAH,ACFL,2012,BH1-12,BH1-ACFL-1_2012,1,3,0,165,27225,29.01,496.88,618.63,0.53,3.13,0.33,0.55,1,0,0.28,0.1,2754.734404,2754.734404,Constructed,L,C,Core
BH1-ACFL-1-12,BH1,BH1,MAH,ACFL,2012,BH1-12,BH1-ACFL-1_2012,1,3,0,168,28224,29.01,496.88,618.63,0.53,3.13,0.33,0.55,1,0,0.28,0.1,2754.734404,2754.734404,Constructed,L,C,Core
BH1-ACFL-1-12,BH1,BH1,MAH,ACFL,2012,BH1-12,BH1-ACFL-1_2012,1,3,0,171,29241,29.01,496.88,618.63,0.53,3.13,0.33,0.55,1,0,0.28,0.1,2754.734404,2754.734404,Constructed,L,C,Core
BH1-ACFL-1-12,BH1,BH1,MAH,ACFL,2012,BH1-12,BH1-ACFL-1_2012,1,3,0,174,30276,29.01,496.88,618.63,0.53,3.13,0.33,0.55,1,0,0.28,0.1,2754.734404,2754.734404,Constructed,L,C,Core
BH1-ACFL-1-12,BH1,BH1,MAH,ACFL,2012,BH1-12,BH1-ACFL-1_2012,1,3,0,177,31329,29.01,496.88,618.63,0.53,3.13,0.33,0.55,1,0,0.28,0.1,2754.734404,2754.734404,Constructed,L,C,Core
BH1-ACFL-1-12,BH1,BH1,MAH,ACFL,2012,BH1-12,BH1-ACFL-1_2012,1,3,0,180,32400,29.01,496.88,618.63,0.53,3.13,0.33,0.55,1,0,0.28,0.1,2754.734404,2754.734404,Constructed,L,C,Core
BH1-ACFL-1-12,BH1,BH1,MAH,ACFL,2012,BH1-12,BH1-ACFL-1_2012,1,3,0,183,33489,29.01,496.88,618.63,0.53,3.13,0.33,0.55,1,0,0.28,0.1,2754.734404,2754.734404,Constructed,L,C,Core
BH1-ACFL-1-12,BH1,BH1,MAH,ACFL,2012,BH1-12,BH1-ACFL-1_2012,1,4,0,187,34969,29.01,496.88,618.63,0.53,3.13,0.33,0.55,1,0,0.28,0.1,2754.734404,2754.734404,Constructed,L,C,Core
BH1-ACFL-1-12,BH1,BH1,MAH,ACFL,2012,BH1-12,BH1-ACFL-1_2012,0,2,0,189,35721,29.01,496.88,618.63,0.53,3.13,0.33,0.55,1,0,0.28,0.1,2754.734404,2754.734404,Constructed,L,C,Core
BH1-ACFL-2-12,BH1,BH1,MAH,ACFL,2012,BH1-12,BH1-ACFL-2_2012,1,0,0,156,24336,38.55,500.99,670.1,0.53,3.13,0.33,0.55,1,0,0.28,0.1,2754.734404,2754.734404,Constructed,L,C,Core
BH1-ACFL-2-12,BH1,BH1,MAH,ACFL,2012,BH1-12,BH1-ACFL-2_2012,1,3,1,159,25281,38.55,500.99,670.1,0.53,3.13,0.33,0.55,1,0,0.28,0.1,2754.734404,2754.734404,Constructed,L,C,Core
BH1-ACFL-2-12,BH1,BH1,MAH,ACFL,2012,BH1-12,BH1-ACFL-2_2012,1,3,1,162,26244,38.55,500.99,670.1,0.53,3.13,0.33,0.55,1,0,0.28,0.1,2754.734404,2754.734404,Constructed,L,C,Core
BH1-ACFL-2-12,BH1,BH1,MAH,ACFL,2012,BH1-12,BH1-ACFL-2_2012,1,3,1,165,27225,38.55,500.99,670.1,0.53,3.13,0.33,0.55,1,0,0.28,0.1,2754.734404,2754.734404,Constructed,L,C,Core
BH1-ACFL-2-12,BH1,BH1,MAH,ACFL,2012,BH1-12,BH1-ACFL-2_2012,1,3,1,168,28224,38.55,500.99,670.1,0.53,3.13,0.33,0.55,1,0,0.28,0.1,2754.734404,2754.734404,Constructed,L,C,Core
BH1-ACFL-2-12,BH1,BH1,MAH,ACFL,2012,BH1-12,BH1-ACFL-2_2012,1,3,1,171,29241,38.55,500.99,670.1,0.53,3.13,0.33,0.55,1,0,0.28,0.1,2754.734404,2754.734404,Constructed,L,C,Core
BH1-ACFL-2-12,BH1,BH1,MAH,ACFL,2012,BH1-12,BH1-ACFL-2_2012,1,3,1,174,30276,38.55,500.99,670.1,0.53,3.13,0.33,0.55,1,0,0.28,0.1,2754.734404,2754.734404,Constructed,L,C,Core
BH1-ACFL-2-12,BH1,BH1,MAH,ACFL,2012,BH1-12,BH1-ACFL-2_2012,1,3,1,177,31329,38.55,500.99,670.1,0.53,3.13,0.33,0.55,1,0,0.28,0.1,2754.734404,2754.734404,Constructed,L,C,Core
BH1-ACFL-2-12,BH1,BH1,MAH,ACFL,2012,BH1-12,BH1-ACFL-2_2012,1,3,1,180,32400,38.55,500.99,670.1,0.53,3.13,0.33,0.55,1,0,0.28,0.1,2754.734404,2754.734404,Constructed,L,C,Core
BH1-ACFL-2-12,BH1,BH1,MAH,ACFL,2012,BH1-12,BH1-ACFL-2_2012,1,3,1,183,33489,38.55,500.99,670.1,0.53,3.13,0.33,0.55,1,0,0.28,0.1,2754.734404,2754.734404,Constructed,L,C,Core
BH1-ACFL-2-12,BH1,BH1,MAH,ACFL,2012,BH1-12,BH1-ACFL-2_2012,1,4,1,187,34969,38.55,500.99,670.1,0.53,3.13,0.33,0.55,1,0,0.28,0.1,2754.734404,2754.734404,Constructed,L,C,Core
BH1-ACFL-2-12,BH1,BH1,MAH,ACFL,2012,BH1-12,BH1-ACFL-2_2012,1,2,1,189,35721,38.55,500.99,670.1,0.53,3.13,0.33,0.55,1,0,0.28,0.1,2754.734404,2754.734404,Constructed,L,C,Core
BH1-ACFL-2-12,BH1,BH1,MAH,ACFL,2012,BH1-12,BH1-ACFL-2_2012,0,3,1,192,36864,38.55,500.99,670.1,0.53,3.13,0.33,0.55,1,0,0.28,0.1,2754.734404,2754.734404,Constructed,L,C,Core
BH1-ACFL-3-12,BH1,BH1,MAH,ACFL,2012,BH1-12,BH1-ACFL-3_2012,1,0,0,168,28224,0.33,976.7,910.61,0.53,3.13,0.33,0.55,1,0,0.28,0.1,2754.734404,2754.734404,Constructed,L,C,Core
BH1-ACFL-3-12,BH1,BH1,MAH,ACFL,2012,BH1-12,BH1-ACFL-3_2012,1,3,0,171,29241,0.33,976.7,910.61,0.53,3.13,0.33,0.55,1,0,0.28,0.1,2754.734404,2754.734404,Constructed,L,C,Core
BH1-ACFL-3-12,BH1,BH1,MAH,ACFL,2012,BH1-12,BH1-ACFL-3_2012,1,3,0,174,30276,0.33,976.7,910.61,0.53,3.13,0.33,0.55,1,0,0.28,0.1,2754.734404,2754.734404,Constructed,L,C,Core
BH1-ACFL-3-12,BH1,BH1,MAH,ACFL,2012,BH1-12,BH1-ACFL-3_2012,1,3,0,177,31329,0.33,976.7,910.61,0.53,3.13,0.33,0.55,1,0,0.28,0.1,2754.734404,2754.734404,Constructed,L,C,Core
BH1-ACFL-3-12,BH1,BH1,MAH,ACFL,2012,BH1-12,BH1-ACFL-3_2012,1,3,0,180,32400,0.33,976.7,910.61,0.53,3.13,0.33,0.55,1,0,0.28,0.1,2754.734404,2754.734404,Constructed,L,C,Core
BH1-ACFL-3-12,BH1,BH1,MAH,ACFL,2012,BH1-12,BH1-ACFL-3_2012,1,3,0,183,33489,0.33,976.7,910.61,0.53,3.13,0.33,0.55,1,0,0.28,0.1,2754.734404,2754.734404,Constructed,L,C,Core
BH1-ACFL-3-12,BH1,BH1,MAH,ACFL,2012,BH1-12,BH1-ACFL-3_2012,1,4,0,187,34969,0.33,976.7,910.61,0.53,3.13,0.33,0.55,1,0,0.28,0.1,2754.734404,2754.734404,Constructed,L,C,Core
BH1-ACFL-3-12,BH1,BH1,MAH,ACFL,2012,BH1-12,BH1-ACFL-3_2012,1,2,0,189,35721,0.33,976.7,910.61,0.53,3.13,0.33,0.55,1,0,0.28,0.1,2754.734404,2754.734404,Constructed,L,C,Core
BH1-ACFL-3-12,BH1,BH1,MAH,ACFL,2012,BH1-12,BH1-ACFL-3_2012,1,3,0,192,36864,0.33,976.7,910.61,0.53,3.13,0.33,0.55,1,0,0.28,0.1,2754.734404,2754.734404,Constructed,L,C,Core
BH1-ACFL-3-12,BH1,BH1,MAH,ACFL,2012,BH1-12,BH1-ACFL-3_2012,1,2,0,194,37636,0.33,976.7,910.61,0.53,3.13,0.33,0.55,1,0,0.28,0.1,2754.734404,2754.734404,Constructed,L,C,Core
BH1-ACFL-3-12,BH1,BH1,MAH,ACFL,2012,BH1-12,BH1-ACFL-3_2012,1,4,0,198,39204,0.33,976.7,910.61,0.53,3.13,0.33,0.55,1,0,0.28,0.1,2754.734404,2754.734404,Constructed,L,C,Core
BRT-ACFL-1-12,BRT,BRT,MAH,ACFL,2012,BRT-12,BR-ACFL-1_2012,1,0,0,163,26569,48.09,459.71,16.1,1.53,6.1,0.68,0.58,0.76,0.19,0.26,0.09,124.0806829,0,Old Road,L,R,Edge
BRT-ACFL-1-12,BRT,BRT,MAH,ACFL,2012,BRT-12,BR-ACFL-1_2012,1,3,0,166,27556,48.09,459.71,16.1,1.53,6.1,0.68,0.58,0.76,0.19,0.26,0.09,124.0806829,0,Old Road,L,R,Edge
BRT-ACFL-1-12,BRT,BRT,MAH,ACFL,2012,BRT-12,BR-ACFL-1_2012,1,3,0,169,28561,48.09,459.71,16.1,1.53,6.1,0.68,0.58,0.76,0.19,0.26,0.09,124.0806829,0,Old Road,L,R,Edge
BRT-ACFL-1-12,BRT,BRT,MAH,ACFL,2012,BRT-12,BR-ACFL-1_2012,1,3,0,172,29584,48.09,459.71,16.1,1.53,6.1,0.68,0.58,0.76,0.19,0.26,0.09,124.0806829,0,Old Road,L,R,Edge
BRT-ACFL-1-12,BRT,BRT,MAH,ACFL,2012,BRT-12,BR-ACFL-1_2012,1,3,0,175,30625,48.09,459.71,16.1,1.53,6.1,0.68,0.58,0.76,0.19,0.26,0.09,124.0806829,0,Old Road,L,R,Edge
BRT-ACFL-1-12,BRT,BRT,MAH,ACFL,2012,BRT-12,BR-ACFL-1_2012,1,3,0,178,31684,48.09,459.71,16.1,1.53,6.1,0.68,0.58,0.76,0.19,0.26,0.09,124.0806829,0,Old Road,L,R,Edge
BRT-ACFL-1-12,BRT,BRT,MAH,ACFL,2012,BRT-12,BR-ACFL-1_2012,0,3,0,181,32761,48.09,459.71,16.1,1.53,6.1,0.68,0.58,0.76,0.19,0.26,0.09,124.0806829,0,Old Road,L,R,Edge
BRT-ACFL-2-12,BRT,BRT,MAH,ACFL,2012,BRT-12,BR-ACFL-2_2012,1,0,0,178,31684,27.08,397.45,0,1.53,6.1,0.68,0.58,0.73,0.21,0.26,0.09,0.81,0,Old Road,L,R,Nonforest
BRT-ACFL-2-12,BRT,BRT,MAH,ACFL,2012,BRT-12,BR-ACFL-2_2012,1,3,1,181,32761,27.08,397.45,0,1.53,6.1,0.68,0.58,0.73,0.21,0.26,0.09,0.81,0,Old Road,L,R,Nonforest
BRT-ACFL-2-12,BRT,BRT,MAH,ACFL,2012,BRT-12,BR-ACFL-2_2012,1,2,1,183,33489,27.08,397.45,0,1.53,6.1,0.68,0.58,0.73,0.21,0.26,0.09,0.81,0,Old Road,L,R,Nonforest
BRT-ACFL-2-12,BRT,BRT,MAH,ACFL,2012,BRT-12,BR-ACFL-2_2012,1,4,1,187,34969,27.08,397.45,0,1.53,6.1,0.68,0.58,0.73,0.21,0.26,0.09,0.81,0,Old Road,L,R,Nonforest
BRT-ACFL-2-12,BRT,BRT,MAH,ACFL,2012,BRT-12,BR-ACFL-2_2012,1,2,1,189,35721,27.08,397.45,0,1.53,6.1,0.68,0.58,0.73,0.21,0.26,0.09,0.81,0,Old Road,L,R,Nonforest
BRT-ACFL-2-12,BRT,BRT,MAH,ACFL,2012,BRT-12,BR-ACFL-2_2012,0,3,0,192,36864,27.08,397.45,0,1.53,6.1,0.68,0.58,0.73,0.21,0.26,0.09,0.81,0,Old Road,L,R,Nonforest
CP2-ACFL-2-12,CP2,ST3,MAH,ACFL,2012,ST3-12,C2-ACFL-2_2012,1,0,0,179,32041,357.99,508.76,451.19,0,0,0,0.59,0.9,0.08,0.22,0.11,93.79485029,93.79485029,Constructed,L,I,Core
CP2-ACFL-2-12,CP2,ST3,MAH,ACFL,2012,ST3-12,C2-ACFL-2_2012,1,3,0,182,33124,357.99,508.76,451.19,0,0,0,0.59,0.9,0.08,0.22,0.11,93.79485029,93.79485029,Constructed,L,I,Core
CP2-ACFL-2-12,CP2,ST3,MAH,ACFL,2012,ST3-12,C2-ACFL-2_2012,1,6,0,188,35344,357.99,508.76,451.19,0,0,0,0.59,0.9,0.08,0.22,0.11,93.79485029,93.79485029,Constructed,L,I,Core
CP2-ACFL-2-12,CP2,ST3,MAH,ACFL,2012,ST3-12,C2-ACFL-2_2012,1,4,0,192,36864,357.99,508.76,451.19,0,0,0,0.59,0.9,0.08,0.22,0.11,93.79485029,93.79485029,Constructed,L,I,Core
CP2-ACFL-2-12,CP2,ST3,MAH,ACFL,2012,ST3-12,C2-ACFL-2_2012,1,2,0,194,37636,357.99,508.76,451.19,0,0,0,0.59,0.9,0.08,0.22,0.11,93.79485029,93.79485029,Constructed,L,I,Core
CP2-ACFL-2-12,CP2,ST3,MAH,ACFL,2012,ST3-12,C2-ACFL-2_2012,1,4,0,198,39204,357.99,508.76,451.19,0,0,0,0.59,0.9,0.08,0.22,0.11,93.79485029,93.79485029,Constructed,L,I,Core
CP2-ACFL-2-12,CP2,ST3,MAH,ACFL,2012,ST3-12,C2-ACFL-2_2012,1,3,0,201,40401,357.99,508.76,451.19,0,0,0,0.59,0.9,0.08,0.22,0.11,93.79485029,93.79485029,Constructed,L,I,Core
CP3-ACFL-1-12,CP3,UET,MAH,ACFL,2012,UET-12,C3-ACFL-1_2012,1,0,0,163,26569,245.3,712.51,598.81,0,0,0,0.6,1,0,0.23,0.1,493.1557688,493.1557688,Constructed,H,I,Core
CP3-ACFL-1-12,CP3,UET,MAH,ACFL,2012,UET-12,C3-ACFL-1_2012,1,3,0,166,27556,245.3,712.51,598.81,0,0,0,0.6,1,0,0.23,0.1,493.1557688,493.1557688,Constructed,H,I,Core
CP3-ACFL-1-12,CP3,UET,MAH,ACFL,2012,UET-12,C3-ACFL-1_2012,1,3,0,169,28561,245.3,712.51,598.81,0,0,0,0.6,1,0,0.23,0.1,493.1557688,493.1557688,Constructed,H,I,Core
CP3-ACFL-1-12,CP3,UET,MAH,ACFL,2012,UET-12,C3-ACFL-1_2012,0,3,0,172,29584,245.3,712.51,598.81,0,0,0,0.6,1,0,0.23,0.1,493.1557688,493.1557688,Constructed,H,I,Core
CP6-ACFL-1-12,CP6,SHT,MAH,ACFL,2012,SHT-12,C6-ACFL-1_2012,1,0,0,171,29241,244.13,450.46,418.7,0,0,0,0.57,0.94,0.04,0.26,0.1,188.4612781,188.4612781,Old Road,L,I,Core
CP6-ACFL-1-12,CP6,SHT,MAH,ACFL,2012,SHT-12,C6-ACFL-1_2012,1,3,0,174,30276,244.13,450.46,418.7,0,0,0,0.57,0.94,0.04,0.26,0.1,188.4612781,188.4612781,Old Road,L,I,Core
CP6-ACFL-1-12,CP6,SHT,MAH,ACFL,2012,SHT-12,C6-ACFL-1_2012,1,6,0,180,32400,244.13,450.46,418.7,0,0,0,0.57,0.94,0.04,0.26,0.1,188.4612781,188.4612781,Old Road,L,I,Core
CP6-ACFL-1-12,CP6,SHT,MAH,ACFL,2012,SHT-12,C6-ACFL-1_2012,1,3,0,183,33489,244.13,450.46,418.7,0,0,0,0.57,0.94,0.04,0.26,0.1,188.4612781,188.4612781,Old Road,L,I,Core
EBW-ACFL-1-12,EBW,EBW,MAH,ACFL,2012,EBW-12,EBW-ACFL-1_2012,1,0,0,175,30625,163.31,771.68,390.73,3.23,4.27,5.25,0.59,0.94,0.05,0.24,0.09,493.1557688,493.1557688,Old Road,H,R,Core
EBW-ACFL-1-12,EBW,EBW,MAH,ACFL,2012,EBW-12,EBW-ACFL-1_2012,1,3,0,178,31684,163.31,771.68,390.73,3.23,4.27,5.25,0.59,0.94,0.05,0.24,0.09,493.1557688,493.1557688,Old Road,H,R,Core
EBW-ACFL-1-12,EBW,EBW,MAH,ACFL,2012,EBW-12,EBW-ACFL-1_2012,1,3,0,181,32761,163.31,771.68,390.73,3.23,4.27,5.25,0.59,0.94,0.05,0.24,0.09,493.1557688,493.1557688,Old Road,H,R,Core
HDT-ACFL-3-12,HDT,HDT,MAH,ACFL,2012,HDT-12,HD-ACFL-3_2012,1,0,1,156,24336,10.01,1434.76,207.27,1.92,4.1,0,0.57,0.69,0.14,0.23,0.13,704.8031688,704.8031688,Old Road,L,R,Core
HDT-ACFL-3-12,HDT,HDT,MAH,ACFL,2012,HDT-12,HD-ACFL-3_2012,1,3,1,159,25281,10.01,1434.76,207.27,1.92,4.1,0,0.57,0.69,0.14,0.23,0.13,704.8031688,704.8031688,Old Road,L,R,Core
HDT-ACFL-3-12,HDT,HDT,MAH,ACFL,2012,HDT-12,HD-ACFL-3_2012,1,3,1,162,26244,10.01,1434.76,207.27,1.92,4.1,0,0.57,0.69,0.14,0.23,0.13,704.8031688,704.8031688,Old Road,L,R,Core
HDT-ACFL-3-12,HDT,HDT,MAH,ACFL,2012,HDT-12,HD-ACFL-3_2012,1,3,1,165,27225,10.01,1434.76,207.27,1.92,4.1,0,0.57,0.69,0.14,0.23,0.13,704.8031688,704.8031688,Old Road,L,R,Core
HDT-ACFL-3-12,HDT,HDT,MAH,ACFL,2012,HDT-12,HD-ACFL-3_2012,1,3,1,168,28224,10.01,1434.76,207.27,1.92,4.1,0,0.57,0.69,0.14,0.23,0.13,704.8031688,704.8031688,Old Road,L,R,Core
HDT-ACFL-3-12,HDT,HDT,MAH,ACFL,2012,HDT-12,HD-ACFL-3_2012,0,3,0,171,29241,10.01,1434.76,207.27,1.92,4.1,0,0.57,0.69,0.14,0.23,0.13,704.8031688,704.8031688,Old Road,L,R,Core
HDT-ACFL-4-12,HDT,HDT,MAH,ACFL,2012,HDT-12,HD-ACFL-4_2012,1,0,0,156,24336,43.34,1468.46,214.41,1.92,4.1,0,0.57,0.68,0.13,0.23,0.13,704.8031688,704.8031688,Old Road,L,R,Core
HDT-ACFL-4-12,HDT,HDT,MAH,ACFL,2012,HDT-12,HD-ACFL-4_2012,1,3,0,159,25281,43.34,1468.46,214.41,1.92,4.1,0,0.57,0.68,0.13,0.23,0.13,704.8031688,704.8031688,Old Road,L,R,Core
HDT-ACFL-4-12,HDT,HDT,MAH,ACFL,2012,HDT-12,HD-ACFL-4_2012,1,3,0,162,26244,43.34,1468.46,214.41,1.92,4.1,0,0.57,0.68,0.13,0.23,0.13,704.8031688,704.8031688,Old Road,L,R,Core
HDT-ACFL-4-12,HDT,HDT,MAH,ACFL,2012,HDT-12,HD-ACFL-4_2012,1,3,0,165,27225,43.34,1468.46,214.41,1.92,4.1,0,0.57,0.68,0.13,0.23,0.13,704.8031688,704.8031688,Old Road,L,R,Core
HDT-ACFL-4-12,HDT,HDT,MAH,ACFL,2012,HDT-12,HD-ACFL-4_2012,1,3,0,168,28224,43.34,1468.46,214.41,1.92,4.1,0,0.57,0.68,0.13,0.23,0.13,704.8031688,704.8031688,Old Road,L,R,Core
HDT-ACFL-4-12,HDT,HDT,MAH,ACFL,2012,HDT-12,HD-ACFL-4_2012,1,3,0,171,29241,43.34,1468.46,214.41,1.92,4.1,0,0.57,0.68,0.13,0.23,0.13,704.8031688,704.8031688,Old Road,L,R,Core
HDT-ACFL-4-12,HDT,HDT,MAH,ACFL,2012,HDT-12,HD-ACFL-4_2012,1,3,0,174,30276,43.34,1468.46,214.41,1.92,4.1,0,0.57,0.68,0.13,0.23,0.13,704.8031688,704.8031688,Old Road,L,R,Core
HDT-ACFL-4-12,HDT,HDT,MAH,ACFL,2012,HDT-12,HD-ACFL-4_2012,1,3,0,177,31329,43.34,1468.46,214.41,1.92,4.1,0,0.57,0.68,0.13,0.23,0.13,704.8031688,704.8031688,Old Road,L,R,Core
HDT-ACFL-4-12,HDT,HDT,MAH,ACFL,2012,HDT-12,HD-ACFL-4_2012,0,3,0,180,32400,43.34,1468.46,214.41,1.92,4.1,0,0.57,0.68,0.13,0.23,0.13,704.8031688,704.8031688,Old Road,L,R,Core
NBT-ACFL-2-12,NBT,NBT,MAH,ACFL,2012,NBT-12,NB-ACFL-2_2012,1,0,1,156,24336,93.67,622.25,297.04,0.53,2.07,0.24,0.59,0.7,0.16,0.23,0.13,312.0199375,312.0199375,Constructed,L,C,Core
NBT-ACFL-2-12,NBT,NBT,MAH,ACFL,2012,NBT-12,NB-ACFL-2_2012,1,3,1,159,25281,93.67,622.25,297.04,0.53,2.07,0.24,0.59,0.7,0.16,0.23,0.13,312.0199375,312.0199375,Constructed,L,C,Core
NBT-ACFL-2-12,NBT,NBT,MAH,ACFL,2012,NBT-12,NB-ACFL-2_2012,1,3,1,162,26244,93.67,622.25,297.04,0.53,2.07,0.24,0.59,0.7,0.16,0.23,0.13,312.0199375,312.0199375,Constructed,L,C,Core
NBT-ACFL-2-12,NBT,NBT,MAH,ACFL,2012,NBT-12,NB-ACFL-2_2012,1,3,1,165,27225,93.67,622.25,297.04,0.53,2.07,0.24,0.59,0.7,0.16,0.23,0.13,312.0199375,312.0199375,Constructed,L,C,Core
NBT-ACFL-2-12,NBT,NBT,MAH,ACFL,2012,NBT-12,NB-ACFL-2_2012,1,3,1,168,28224,93.67,622.25,297.04,0.53,2.07,0.24,0.59,0.7,0.16,0.23,0.13,312.0199375,312.0199375,Constructed,L,C,Core
NBT-ACFL-2-12,NBT,NBT,MAH,ACFL,2012,NBT-12,NB-ACFL-2_2012,1,3,1,171,29241,93.67,622.25,297.04,0.53,2.07,0.24,0.59,0.7,0.16,0.23,0.13,312.0199375,312.0199375,Constructed,L,C,Core
NBT-ACFL-2-12,NBT,NBT,MAH,ACFL,2012,NBT-12,NB-ACFL-2_2012,1,3,1,174,30276,93.67,622.25,297.04,0.53,2.07,0.24,0.59,0.7,0.16,0.23,0.13,312.0199375,312.0199375,Constructed,L,C,Core
NBT-ACFL-2-12,NBT,NBT,MAH,ACFL,2012,NBT-12,NB-ACFL-2_2012,1,3,1,177,31329,93.67,622.25,297.04,0.53,2.07,0.24,0.59,0.7,0.16,0.23,0.13,312.0199375,312.0199375,Constructed,L,C,Core
NBT-ACFL-2-12,NBT,NBT,MAH,ACFL,2012,NBT-12,NB-ACFL-2_2012,1,2,1,179,32041,93.67,622.25,297.04,0.53,2.07,0.24,0.59,0.7,0.16,0.23,0.13,312.0199375,312.0199375,Constructed,L,C,Core
SHT-ACFL-1-12,SHT,SHT,MAH,ACFL,2012,SHT-12,SH-ACFL-1_2012,1,0,0,159,25281,49.06,323.95,243.34,1.4,5.83,0,0.57,0.64,0.19,0.26,0.1,188.4612781,188.4612781,Old Road,L,R,Core
SHT-ACFL-1-12,SHT,SHT,MAH,ACFL,2012,SHT-12,SH-ACFL-1_2012,1,3,0,162,26244,49.06,323.95,243.34,1.4,5.83,0,0.57,0.64,0.19,0.26,0.1,188.4612781,188.4612781,Old Road,L,R,Core
SHT-ACFL-1-12,SHT,SHT,MAH,ACFL,2012,SHT-12,SH-ACFL-1_2012,1,3,0,165,27225,49.06,323.95,243.34,1.4,5.83,0,0.57,0.64,0.19,0.26,0.1,188.4612781,188.4612781,Old Road,L,R,Core
SHT-ACFL-1-12,SHT,SHT,MAH,ACFL,2012,SHT-12,SH-ACFL-1_2012,1,3,0,168,28224,49.06,323.95,243.34,1.4,5.83,0,0.57,0.64,0.19,0.26,0.1,188.4612781,188.4612781,Old Road,L,R,Core
SHT-ACFL-1-12,SHT,SHT,MAH,ACFL,2012,SHT-12,SH-ACFL-1_2012,1,3,0,171,29241,49.06,323.95,243.34,1.4,5.83,0,0.57,0.64,0.19,0.26,0.1,188.4612781,188.4612781,Old Road,L,R,Core
SHT-ACFL-1-12,SHT,SHT,MAH,ACFL,2012,SHT-12,SH-ACFL-1_2012,1,3,0,174,30276,49.06,323.95,243.34,1.4,5.83,0,0.57,0.64,0.19,0.26,0.1,188.4612781,188.4612781,Old Road,L,R,Core
SHT-ACFL-1-12,SHT,SHT,MAH,ACFL,2012,SHT-12,SH-ACFL-1_2012,1,6,0,180,32400,49.06,323.95,243.34,1.4,5.83,0,0.57,0.64,0.19,0.26,0.1,188.4612781,188.4612781,Old Road,L,R,Core
SHT-ACFL-1-12,SHT,SHT,MAH,ACFL,2012,SHT-12,SH-ACFL-1_2012,1,3,0,183,33489,49.06,323.95,243.34,1.4,5.83,0,0.57,0.64,0.19,0.26,0.1,188.4612781,188.4612781,Old Road,L,R,Core
BH1-ACFL-1-13,BH1,BH1,MAH,ACFL,2013,BH1-13,BH1-ACFL-1_2013,1,0,0,144,20736,45.95,493.04,664.51,0.53,3.13,0.33,0.55,1,0,0.28,0.1,2754.734404,2754.734404,Constructed,L,C,Core
BH1-ACFL-1-13,BH1,BH1,MAH,ACFL,2013,BH1-13,BH1-ACFL-1_2013,1,5,0,149,22201,45.95,493.04,664.51,0.53,3.13,0.33,0.55,1,0,0.28,0.1,2754.734404,2754.734404,Constructed,L,C,Core
BH1-ACFL-1-13,BH1,BH1,MAH,ACFL,2013,BH1-13,BH1-ACFL-1_2013,1,3,1,152,23104,45.95,493.04,664.51,0.53,3.13,0.33,0.55,1,0,0.28,0.1,2754.734404,2754.734404,Constructed,L,C,Core
BH1-ACFL-1-13,BH1,BH1,MAH,ACFL,2013,BH1-13,BH1-ACFL-1_2013,1,4,1,156,24336,45.95,493.04,664.51,0.53,3.13,0.33,0.55,1,0,0.28,0.1,2754.734404,2754.734404,Constructed,L,C,Core
BH1-ACFL-1-13,BH1,BH1,MAH,ACFL,2013,BH1-13,BH1-ACFL-1_2013,1,0,1,156,24336,45.95,493.04,664.51,0.53,3.13,0.33,0.55,1,0,0.28,0.1,2754.734404,2754.734404,Constructed,L,C,Core
BH1-ACFL-1-13,BH1,BH1,MAH,ACFL,2013,BH1-13,BH1-ACFL-1_2013,1,3,1,159,25281,45.95,493.04,664.51,0.53,3.13,0.33,0.55,1,0,0.28,0.1,2754.734404,2754.734404,Constructed,L,C,Core
BH1-ACFL-1-13,BH1,BH1,MAH,ACFL,2013,BH1-13,BH1-ACFL-1_2013,1,4,1,163,26569,45.95,493.04,664.51,0.53,3.13,0.33,0.55,1,0,0.28,0.1,2754.734404,2754.734404,Constructed,L,C,Core
BH1-ACFL-1-13,BH1,BH1,MAH,ACFL,2013,BH1-13,BH1-ACFL-1_2013,1,3,1,166,27556,45.95,493.04,664.51,0.53,3.13,0.33,0.55,1,0,0.28,0.1,2754.734404,2754.734404,Constructed,L,C,Core
BH1-ACFL-1-13,BH1,BH1,MAH,ACFL,2013,BH1-13,BH1-ACFL-1_2013,1,4,1,170,28900,45.95,493.04,664.51,0.53,3.13,0.33,0.55,1,0,0.28,0.1,2754.734404,2754.734404,Constructed,L,C,Core
BH1-ACFL-1-13,BH1,BH1,MAH,ACFL,2013,BH1-13,BH1-ACFL-1_2013,1,5,1,175,30625,45.95,493.04,664.51,0.53,3.13,0.33,0.55,1,0,0.28,0.1,2754.734404,2754.734404,Constructed,L,C,Core
BH1-ACFL-1-13,BH1,BH1,MAH,ACFL,2013,BH1-13,BH1-ACFL-1_2013,1,3,1,178,31684,45.95,493.04,664.51,0.53,3.13,0.33,0.55,1,0,0.28,0.1,2754.734404,2754.734404,Constructed,L,C,Core
BH1-ACFL-1-13,BH1,BH1,MAH,ACFL,2013,BH1-13,BH1-ACFL-1_2013,1,4,1,182,33124,45.95,493.04,664.51,0.53,3.13,0.33,0.55,1,0,0.28,0.1,2754.734404,2754.734404,Constructed,L,C,Core
BH1-ACFL-2-13,BH1,BH1,MAH,ACFL,2013,BH1-13,BH1-ACFL-2_2013,1,0,0,144,20736,4.19,1007.16,942.39,0.53,3.13,0.33,0.55,1,0,0.28,0.1,2754.734404,2754.734404,Constructed,L,C,Core
BH1-ACFL-2-13,BH1,BH1,MAH,ACFL,2013,BH1-13,BH1-ACFL-2_2013,1,5,0,149,22201,4.19,1007.16,942.39,0.53,3.13,0.33,0.55,1,0,0.28,0.1,2754.734404,2754.734404,Constructed,L,C,Core
BH1-ACFL-2-13,BH1,BH1,MAH,ACFL,2013,BH1-13,BH1-ACFL-2_2013,1,3,0,152,23104,4.19,1007.16,942.39,0.53,3.13,0.33,0.55,1,0,0.28,0.1,2754.734404,2754.734404,Constructed,L,C,Core
BH1-ACFL-2-13,BH1,BH1,MAH,ACFL,2013,BH1-13,BH1-ACFL-2_2013,1,7,1,159,25281,4.19,1007.16,942.39,0.53,3.13,0.33,0.55,1,0,0.28,0.1,2754.734404,2754.734404,Constructed,L,C,Core
BH1-ACFL-2-13,BH1,BH1,MAH,ACFL,2013,BH1-13,BH1-ACFL-2_2013,1,4,1,163,26569,4.19,1007.16,942.39,0.53,3.13,0.33,0.55,1,0,0.28,0.1,2754.734404,2754.734404,Constructed,L,C,Core
BH1-ACFL-2-13,BH1,BH1,MAH,ACFL,2013,BH1-13,BH1-ACFL-2_2013,1,3,0,166,27556,4.19,1007.16,942.39,0.53,3.13,0.33,0.55,1,0,0.28,0.1,2754.734404,2754.734404,Constructed,L,C,Core
BH1-ACFL-2-13,BH1,BH1,MAH,ACFL,2013,BH1-13,BH1-ACFL-2_2013,1,4,0,170,28900,4.19,1007.16,942.39,0.53,3.13,0.33,0.55,1,0,0.28,0.1,2754.734404,2754.734404,Constructed,L,C,Core
BH1-ACFL-2-13,BH1,BH1,MAH,ACFL,2013,BH1-13,BH1-ACFL-2_2013,1,5,0,175,30625,4.19,1007.16,942.39,0.53,3.13,0.33,0.55,1,0,0.28,0.1,2754.734404,2754.734404,Constructed,L,C,Core
BH1-ACFL-2-13,BH1,BH1,MAH,ACFL,2013,BH1-13,BH1-ACFL-2_2013,1,3,0,178,31684,4.19,1007.16,942.39,0.53,3.13,0.33,0.55,1,0,0.28,0.1,2754.734404,2754.734404,Constructed,L,C,Core
BH1-ACFL-2-13,BH1,BH1,MAH,ACFL,2013,BH1-13,BH1-ACFL-2_2013,1,4,0,182,33124,4.19,1007.16,942.39,0.53,3.13,0.33,0.55,1,0,0.28,0.1,2754.734404,2754.734404,Constructed,L,C,Core
BH1-ACFL-2-13,BH1,BH1,MAH,ACFL,2013,BH1-13,BH1-ACFL-2_2013,0,3,1,185,34225,4.19,1007.16,942.39,0.53,3.13,0.33,0.55,1,0,0.28,0.1,2754.734404,2754.734404,Constructed,L,C,Core
BH1-ACFL-3-13,BH1,BH1,MAH,ACFL,2013,BH1-13,BH1-ACFL-3_2013,1,0,0,152,23104,121.21,400.49,476.82,0.53,3.13,0.33,0.55,0.98,0.02,0.28,0.1,2754.734404,2754.734404,Constructed,L,C,Core
BH1-ACFL-3-13,BH1,BH1,MAH,ACFL,2013,BH1-13,BH1-ACFL-3_2013,1,4,0,156,24336,121.21,400.49,476.82,0.53,3.13,0.33,0.55,0.98,0.02,0.28,0.1,2754.734404,2754.734404,Constructed,L,C,Core
BH1-ACFL-3-13,BH1,BH1,MAH,ACFL,2013,BH1-13,BH1-ACFL-3_2013,1,3,1,159,25281,121.21,400.49,476.82,0.53,3.13,0.33,0.55,0.98,0.02,0.28,0.1,2754.734404,2754.734404,Constructed,L,C,Core
BH1-ACFL-3-13,BH1,BH1,MAH,ACFL,2013,BH1-13,BH1-ACFL-3_2013,1,4,1,163,26569,121.21,400.49,476.82,0.53,3.13,0.33,0.55,0.98,0.02,0.28,0.1,2754.734404,2754.734404,Constructed,L,C,Core
BH1-ACFL-3-13,BH1,BH1,MAH,ACFL,2013,BH1-13,BH1-ACFL-3_2013,1,3,1,166,27556,121.21,400.49,476.82,0.53,3.13,0.33,0.55,0.98,0.02,0.28,0.1,2754.734404,2754.734404,Constructed,L,C,Core
BH1-ACFL-3-13,BH1,BH1,MAH,ACFL,2013,BH1-13,BH1-ACFL-3_2013,1,4,1,170,28900,121.21,400.49,476.82,0.53,3.13,0.33,0.55,0.98,0.02,0.28,0.1,2754.734404,2754.734404,Constructed,L,C,Core
BH1-ACFL-3-13,BH1,BH1,MAH,ACFL,2013,BH1-13,BH1-ACFL-3_2013,1,5,1,175,30625,121.21,400.49,476.82,0.53,3.13,0.33,0.55,0.98,0.02,0.28,0.1,2754.734404,2754.734404,Constructed,L,C,Core
BH1-ACFL-3-13,BH1,BH1,MAH,ACFL,2013,BH1-13,BH1-ACFL-3_2013,1,3,1,178,31684,121.21,400.49,476.82,0.53,3.13,0.33,0.55,0.98,0.02,0.28,0.1,2754.734404,2754.734404,Constructed,L,C,Core
BH1-ACFL-3-13,BH1,BH1,MAH,ACFL,2013,BH1-13,BH1-ACFL-3_2013,1,4,1,182,33124,121.21,400.49,476.82,0.53,3.13,0.33,0.55,0.98,0.02,0.28,0.1,2754.734404,2754.734404,Constructed,L,C,Core
BH1-ACFL-3-13,BH1,BH1,MAH,ACFL,2013,BH1-13,BH1-ACFL-3_2013,1,3,1,185,34225,121.21,400.49,476.82,0.53,3.13,0.33,0.55,0.98,0.02,0.28,0.1,2754.734404,2754.734404,Constructed,L,C,Core
BH1-ACFL-3-13,BH1,BH1,MAH,ACFL,2013,BH1-13,BH1-ACFL-3_2013,0,4,0,189,35721,121.21,400.49,476.82,0.53,3.13,0.33,0.55,0.98,0.02,0.28,0.1,2754.734404,2754.734404,Constructed,L,C,Core
BH1-ACFL-4-13,BH1,BH1,MAH,ACFL,2013,BH1-13,BH1-ACFL-4_2013,1,0,0,152,23104,94.62,667.57,834.56,0.53,3.13,0.33,0.55,1,0,0.28,0.1,2754.734404,2754.734404,Constructed,L,C,Core
BH1-ACFL-4-13,BH1,BH1,MAH,ACFL,2013,BH1-13,BH1-ACFL-4_2013,1,4,1,156,24336,94.62,667.57,834.56,0.53,3.13,0.33,0.55,1,0,0.28,0.1,2754.734404,2754.734404,Constructed,L,C,Core
BH1-ACFL-4-13,BH1,BH1,MAH,ACFL,2013,BH1-13,BH1-ACFL-4_2013,1,3,1,159,25281,94.62,667.57,834.56,0.53,3.13,0.33,0.55,1,0,0.28,0.1,2754.734404,2754.734404,Constructed,L,C,Core
BH1-ACFL-4-13,BH1,BH1,MAH,ACFL,2013,BH1-13,BH1-ACFL-4_2013,1,4,1,163,26569,94.62,667.57,834.56,0.53,3.13,0.33,0.55,1,0,0.28,0.1,2754.734404,2754.734404,Constructed,L,C,Core
BH1-ACFL-4-13,BH1,BH1,MAH,ACFL,2013,BH1-13,BH1-ACFL-4_2013,1,3,1,166,27556,94.62,667.57,834.56,0.53,3.13,0.33,0.55,1,0,0.28,0.1,2754.734404,2754.734404,Constructed,L,C,Core
BH1-ACFL-4-13,BH1,BH1,MAH,ACFL,2013,BH1-13,BH1-ACFL-4_2013,1,4,1,170,28900,94.62,667.57,834.56,0.53,3.13,0.33,0.55,1,0,0.28,0.1,2754.734404,2754.734404,Constructed,L,C,Core
BH1-ACFL-4-13,BH1,BH1,MAH,ACFL,2013,BH1-13,BH1-ACFL-4_2013,1,5,1,175,30625,94.62,667.57,834.56,0.53,3.13,0.33,0.55,1,0,0.28,0.1,2754.734404,2754.734404,Constructed,L,C,Core
BH1-ACFL-4-13,BH1,BH1,MAH,ACFL,2013,BH1-13,BH1-ACFL-4_2013,1,3,1,178,31684,94.62,667.57,834.56,0.53,3.13,0.33,0.55,1,0,0.28,0.1,2754.734404,2754.734404,Constructed,L,C,Core
BH1-ACFL-4-13,BH1,BH1,MAH,ACFL,2013,BH1-13,BH1-ACFL-4_2013,0,4,1,182,33124,94.62,667.57,834.56,0.53,3.13,0.33,0.55,1,0,0.28,0.1,2754.734404,2754.734404,Constructed,L,C,Core
BH1-ACFL-5-13,BH1,BH1,MAH,ACFL,2013,BH1-13,BH1-ACFL-5_2013,1,0,1,156,24336,159.48,489.41,531.09,0.53,3.13,0.33,0.55,1,0,0.28,0.1,2754.734404,2754.734404,Constructed,L,C,Core
BH1-ACFL-5-13,BH1,BH1,MAH,ACFL,2013,BH1-13,BH1-ACFL-5_2013,1,3,1,159,25281,159.48,489.41,531.09,0.53,3.13,0.33,0.55,1,0,0.28,0.1,2754.734404,2754.734404,Constructed,L,C,Core
BH1-ACFL-5-13,BH1,BH1,MAH,ACFL,2013,BH1-13,BH1-ACFL-5_2013,1,4,1,163,26569,159.48,489.41,531.09,0.53,3.13,0.33,0.55,1,0,0.28,0.1,2754.734404,2754.734404,Constructed,L,C,Core
BH1-ACFL-5-13,BH1,BH1,MAH,ACFL,2013,BH1-13,BH1-ACFL-5_2013,1,3,1,166,27556,159.48,489.41,531.09,0.53,3.13,0.33,0.55,1,0,0.28,0.1,2754.734404,2754.734404,Constructed,L,C,Core
BH1-ACFL-5-13,BH1,BH1,MAH,ACFL,2013,BH1-13,BH1-ACFL-5_2013,0,4,0,170,28900,159.48,489.41,531.09,0.53,3.13,0.33,0.55,1,0,0.28,0.1,2754.734404,2754.734404,Constructed,L,C,Core
BH1-ACFL-6-13,BH1,BH1,MAH,ACFL,2013,BH1-13,BH1-ACFL-6_2013,1,0,1,156,24336,12.13,795.34,830.83,0.53,3.13,0.33,0.55,1,0,0.28,0.1,2754.734404,2754.734404,Constructed,L,C,Core
BH1-ACFL-6-13,BH1,BH1,MAH,ACFL,2013,BH1-13,BH1-ACFL-6_2013,1,3,1,159,25281,12.13,795.34,830.83,0.53,3.13,0.33,0.55,1,0,0.28,0.1,2754.734404,2754.734404,Constructed,L,C,Core
BH1-ACFL-6-13,BH1,BH1,MAH,ACFL,2013,BH1-13,BH1-ACFL-6_2013,1,4,1,163,26569,12.13,795.34,830.83,0.53,3.13,0.33,0.55,1,0,0.28,0.1,2754.734404,2754.734404,Constructed,L,C,Core
BH1-ACFL-6-13,BH1,BH1,MAH,ACFL,2013,BH1-13,BH1-ACFL-6_2013,1,3,1,166,27556,12.13,795.34,830.83,0.53,3.13,0.33,0.55,1,0,0.28,0.1,2754.734404,2754.734404,Constructed,L,C,Core
BH1-ACFL-6-13,BH1,BH1,MAH,ACFL,2013,BH1-13,BH1-ACFL-6_2013,0,4,1,170,28900,12.13,795.34,830.83,0.53,3.13,0.33,0.55,1,0,0.28,0.1,2754.734404,2754.734404,Constructed,L,C,Core
BH1-ACFL-7-13,BH1,BH1,MAH,ACFL,2013,BH1-13,BH1-ACFL-7_2013,1,0,1,170,28900,124.57,496.15,561.17,0.53,3.13,0.33,0.55,1,0,0.28,0.1,2754.734404,2754.734404,Constructed,L,C,Core
BH1-ACFL-7-13,BH1,BH1,MAH,ACFL,2013,BH1-13,BH1-ACFL-7_2013,1,5,1,175,30625,124.57,496.15,561.17,0.53,3.13,0.33,0.55,1,0,0.28,0.1,2754.734404,2754.734404,Constructed,L,C,Core
BH1-ACFL-7-13,BH1,BH1,MAH,ACFL,2013,BH1-13,BH1-ACFL-7_2013,1,3,1,178,31684,124.57,496.15,561.17,0.53,3.13,0.33,0.55,1,0,0.28,0.1,2754.734404,2754.734404,Constructed,L,C,Core
BH1-ACFL-7-13,BH1,BH1,MAH,ACFL,2013,BH1-13,BH1-ACFL-7_2013,1,4,1,182,33124,124.57,496.15,561.17,0.53,3.13,0.33,0.55,1,0,0.28,0.1,2754.734404,2754.734404,Constructed,L,C,Core
BH1-ACFL-7-13,BH1,BH1,MAH,ACFL,2013,BH1-13,BH1-ACFL-7_2013,1,3,1,185,34225,124.57,496.15,561.17,0.53,3.13,0.33,0.55,1,0,0.28,0.1,2754.734404,2754.734404,Constructed,L,C,Core
BH1-ACFL-7-13,BH1,BH1,MAH,ACFL,2013,BH1-13,BH1-ACFL-7_2013,1,4,1,189,35721,124.57,496.15,561.17,0.53,3.13,0.33,0.55,1,0,0.28,0.1,2754.734404,2754.734404,Constructed,L,C,Core
BH1-ACFL-7-13,BH1,BH1,MAH,ACFL,2013,BH1-13,BH1-ACFL-7_2013,1,3,1,192,36864,124.57,496.15,561.17,0.53,3.13,0.33,0.55,1,0,0.28,0.1,2754.734404,2754.734404,Constructed,L,C,Core
BH1-ACFL-7-13,BH1,BH1,MAH,ACFL,2013,BH1-13,BH1-ACFL-7_2013,0,4,0,196,38416,124.57,496.15,561.17,0.53,3.13,0.33,0.55,1,0,0.28,0.1,2754.734404,2754.734404,Constructed,L,C,Core
BH1-ACFL-8-13,BH1,BH1,MAH,ACFL,2013,BH1-13,BH1-ACFL-8_2013,1,0,1,182,33124,103,534.1,610.73,0.53,3.13,0.33,0.55,1,0,0.28,0.1,2754.734404,2754.734404,Constructed,L,C,Core
BH1-ACFL-8-13,BH1,BH1,MAH,ACFL,2013,BH1-13,BH1-ACFL-8_2013,1,3,1,185,34225,103,534.1,610.73,0.53,3.13,0.33,0.55,1,0,0.28,0.1,2754.734404,2754.734404,Constructed,L,C,Core
BH1-ACFL-8-13,BH1,BH1,MAH,ACFL,2013,BH1-13,BH1-ACFL-8_2013,0,4,1,189,35721,103,534.1,610.73,0.53,3.13,0.33,0.55,1,0,0.28,0.1,2754.734404,2754.734404,Constructed,L,C,Core
BH1-ACFL-9-13,BH1,BH1,MAH,ACFL,2013,BH1-13,BH1-ACFL-9_2013,1,0,1,189,35721,62.98,447.49,623.16,0.53,3.13,0.33,0.55,1,0,0.28,0.1,2754.734404,2754.734404,Constructed,L,C,Core
BH1-ACFL-9-13,BH1,BH1,MAH,ACFL,2013,BH1-13,BH1-ACFL-9_2013,1,3,1,192,36864,62.98,447.49,623.16,0.53,3.13,0.33,0.55,1,0,0.28,0.1,2754.734404,2754.734404,Constructed,L,C,Core
BH1-ACFL-9-13,BH1,BH1,MAH,ACFL,2013,BH1-13,BH1-ACFL-9_2013,1,4,1,196,38416,62.98,447.49,623.16,0.53,3.13,0.33,0.55,1,0,0.28,0.1,2754.734404,2754.734404,Constructed,L,C,Core
BH1-ACFL-9-13,BH1,BH1,MAH,ACFL,2013,BH1-13,BH1-ACFL-9_2013,1,3,1,199,39601,62.98,447.49,623.16,0.53,3.13,0.33,0.55,1,0,0.28,0.1,2754.734404,2754.734404,Constructed,L,C,Core
BH1-ACFL-9-13,BH1,BH1,MAH,ACFL,2013,BH1-13,BH1-ACFL-9_2013,1,4,1,203,41209,62.98,447.49,623.16,0.53,3.13,0.33,0.55,1,0,0.28,0.1,2754.734404,2754.734404,Constructed,L,C,Core
BH1-ACFL-9-13,BH1,BH1,MAH,ACFL,2013,BH1-13,BH1-ACFL-9_2013,1,3,1,206,42436,62.98,447.49,623.16,0.53,3.13,0.33,0.55,1,0,0.28,0.1,2754.734404,2754.734404,Constructed,L,C,Core
BH1-ACFL-9-13,BH1,BH1,MAH,ACFL,2013,BH1-13,BH1-ACFL-9_2013,1,4,1,210,44100,62.98,447.49,623.16,0.53,3.13,0.33,0.55,1,0,0.28,0.1,2754.734404,2754.734404,Constructed,L,C,Core
BH1-ACFL-9-13,BH1,BH1,MAH,ACFL,2013,BH1-13,BH1-ACFL-9_2013,1,3,1,213,45369,62.98,447.49,623.16,0.53,3.13,0.33,0.55,1,0,0.28,0.1,2754.734404,2754.734404,Constructed,L,C,Core
BH2-ACFL-1-13,BH2,BH2,MAH,ACFL,2013,BH2-13,BH2-ACFL-1_2013,1,0,0,149,22201,35.99,1221.75,1136.93,0.41,2.83,0.39,0.55,1,0,0.29,0.1,2754.734404,2754.734404,Constructed,L,C,Core
BH2-ACFL-1-13,BH2,BH2,MAH,ACFL,2013,BH2-13,BH2-ACFL-1_2013,1,3,0,152,23104,35.99,1221.75,1136.93,0.41,2.83,0.39,0.55,1,0,0.29,0.1,2754.734404,2754.734404,Constructed,L,C,Core
BH2-ACFL-1-13,BH2,BH2,MAH,ACFL,2013,BH2-13,BH2-ACFL-1_2013,1,4,0,156,24336,35.99,1221.75,1136.93,0.41,2.83,0.39,0.55,1,0,0.29,0.1,2754.734404,2754.734404,Constructed,L,C,Core
BH2-ACFL-1-13,BH2,BH2,MAH,ACFL,2013,BH2-13,BH2-ACFL-1_2013,1,3,0,159,25281,35.99,1221.75,1136.93,0.41,2.83,0.39,0.55,1,0,0.29,0.1,2754.734404,2754.734404,Constructed,L,C,Core
BH2-ACFL-1-13,BH2,BH2,MAH,ACFL,2013,BH2-13,BH2-ACFL-1_2013,1,4,1,163,26569,35.99,1221.75,1136.93,0.41,2.83,0.39,0.55,1,0,0.29,0.1,2754.734404,2754.734404,Constructed,L,C,Core
BH2-ACFL-1-13,BH2,BH2,MAH,ACFL,2013,BH2-13,BH2-ACFL-1_2013,1,3,0,166,27556,35.99,1221.75,1136.93,0.41,2.83,0.39,0.55,1,0,0.29,0.1,2754.734404,2754.734404,Constructed,L,C,Core
BH2-ACFL-1-13,BH2,BH2,MAH,ACFL,2013,BH2-13,BH2-ACFL-1_2013,1,0,0,166,27556,35.99,1221.75,1136.93,0.41,2.83,0.39,0.55,1,0,0.29,0.1,2754.734404,2754.734404,Constructed,L,C,Core
BH2-ACFL-1-13,BH2,BH2,MAH,ACFL,2013,BH2-13,BH2-ACFL-1_2013,1,4,0,170,28900,35.99,1221.75,1136.93,0.41,2.83,0.39,0.55,1,0,0.29,0.1,2754.734404,2754.734404,Constructed,L,C,Core
BH2-ACFL-1-13,BH2,BH2,MAH,ACFL,2013,BH2-13,BH2-ACFL-1_2013,1,5,0,175,30625,35.99,1221.75,1136.93,0.41,2.83,0.39,0.55,1,0,0.29,0.1,2754.734404,2754.734404,Constructed,L,C,Core
BH2-ACFL-1-13,BH2,BH2,MAH,ACFL,2013,BH2-13,BH2-ACFL-1_2013,1,3,0,178,31684,35.99,1221.75,1136.93,0.41,2.83,0.39,0.55,1,0,0.29,0.1,2754.734404,2754.734404,Constructed,L,C,Core
BH2-ACFL-1-13,BH2,BH2,MAH,ACFL,2013,BH2-13,BH2-ACFL-1_2013,1,4,0,182,33124,35.99,1221.75,1136.93,0.41,2.83,0.39,0.55,1,0,0.29,0.1,2754.734404,2754.734404,Constructed,L,C,Core
BH2-ACFL-2-13,BH2,BH2,MAH,ACFL,2013,BH2-13,BH2-ACFL-2_2013,1,0,0,182,33124,4.85,1653.93,1260.39,0.41,2.83,0.39,0.55,1,0,0.29,0.1,2754.734404,2754.734404,Constructed,L,C,Core
BH2-ACFL-2-13,BH2,BH2,MAH,ACFL,2013,BH2-13,BH2-ACFL-2_2013,1,7,1,189,35721,4.85,1653.93,1260.39,0.41,2.83,0.39,0.55,1,0,0.29,0.1,2754.734404,2754.734404,Constructed,L,C,Core
BH2-ACFL-2-13,BH2,BH2,MAH,ACFL,2013,BH2-13,BH2-ACFL-2_2013,1,3,1,192,36864,4.85,1653.93,1260.39,0.41,2.83,0.39,0.55,1,0,0.29,0.1,2754.734404,2754.734404,Constructed,L,C,Core
BH2-ACFL-2-13,BH2,BH2,MAH,ACFL,2013,BH2-13,BH2-ACFL-2_2013,1,4,1,196,38416,4.85,1653.93,1260.39,0.41,2.83,0.39,0.55,1,0,0.29,0.1,2754.734404,2754.734404,Constructed,L,C,Core
BH2-ACFL-2-13,BH2,BH2,MAH,ACFL,2013,BH2-13,BH2-ACFL-2_2013,1,3,1,199,39601,4.85,1653.93,1260.39,0.41,2.83,0.39,0.55,1,0,0.29,0.1,2754.734404,2754.734404,Constructed,L,C,Core
BH2-ACFL-2-13,BH2,BH2,MAH,ACFL,2013,BH2-13,BH2-ACFL-2_2013,1,4,1,203,41209,4.85,1653.93,1260.39,0.41,2.83,0.39,0.55,1,0,0.29,0.1,2754.734404,2754.734404,Constructed,L,C,Core
BH2-ACFL-2-13,BH2,BH2,MAH,ACFL,2013,BH2-13,BH2-ACFL-2_2013,0,3,0,206,42436,4.85,1653.93,1260.39,0.41,2.83,0.39,0.55,1,0,0.29,0.1,2754.734404,2754.734404,Constructed,L,C,Core
BRT-ACFL-1-13,BRT,BRT,MAH,ACFL,2013,BRT-13,BRT-ACFL-1_2013,1,0,0,151,22801,48.94,469.25,32.92,1.53,6.1,0.68,0.58,0.77,0.19,0.26,0.09,84.5227621,0,Old Road,L,R,Edge
BRT-ACFL-1-13,BRT,BRT,MAH,ACFL,2013,BRT-13,BRT-ACFL-1_2013,1,4,0,155,24025,48.94,469.25,32.92,1.53,6.1,0.68,0.58,0.77,0.19,0.26,0.09,84.5227621,0,Old Road,L,R,Edge
BRT-ACFL-1-13,BRT,BRT,MAH,ACFL,2013,BRT-13,BRT-ACFL-1_2013,1,3,0,158,24964,48.94,469.25,32.92,1.53,6.1,0.68,0.58,0.77,0.19,0.26,0.09,84.5227621,0,Old Road,L,R,Edge
BRT-ACFL-1-13,BRT,BRT,MAH,ACFL,2013,BRT-13,BRT-ACFL-1_2013,1,4,0,162,26244,48.94,469.25,32.92,1.53,6.1,0.68,0.58,0.77,0.19,0.26,0.09,84.5227621,0,Old Road,L,R,Edge
BRT-ACFL-1-13,BRT,BRT,MAH,ACFL,2013,BRT-13,BRT-ACFL-1_2013,1,3,0,165,27225,48.94,469.25,32.92,1.53,6.1,0.68,0.58,0.77,0.19,0.26,0.09,84.5227621,0,Old Road,L,R,Edge
BRT-ACFL-1-13,BRT,BRT,MAH,ACFL,2013,BRT-13,BRT-ACFL-1_2013,1,4,0,169,28561,48.94,469.25,32.92,1.53,6.1,0.68,0.58,0.77,0.19,0.26,0.09,84.5227621,0,Old Road,L,R,Edge
BRT-ACFL-1-13,BRT,BRT,MAH,ACFL,2013,BRT-13,BRT-ACFL-1_2013,1,8,0,177,31329,48.94,469.25,32.92,1.53,6.1,0.68,0.58,0.77,0.19,0.26,0.09,84.5227621,0,Old Road,L,R,Edge
CP2-ACFL-1-13,CP2,ST3,MAH,ACFL,2013,ST3-13,CP2-ACFL-1_2013,1,0,0,145,21025,384.14,477.95,447.38,0,0,0,0.59,0.85,0.13,0.22,0.11,93.79485029,93.79485029,Constructed,L,I,Core
CP2-ACFL-1-13,CP2,ST3,MAH,ACFL,2013,ST3-13,CP2-ACFL-1_2013,1,5,0,150,22500,384.14,477.95,447.38,0,0,0,0.59,0.85,0.13,0.22,0.11,93.79485029,93.79485029,Constructed,L,I,Core
CP2-ACFL-1-13,CP2,ST3,MAH,ACFL,2013,ST3-13,CP2-ACFL-1_2013,1,4,0,154,23716,384.14,477.95,447.38,0,0,0,0.59,0.85,0.13,0.22,0.11,93.79485029,93.79485029,Constructed,L,I,Core
CP2-ACFL-1-13,CP2,ST3,MAH,ACFL,2013,ST3-13,CP2-ACFL-1_2013,1,3,0,157,24649,384.14,477.95,447.38,0,0,0,0.59,0.85,0.13,0.22,0.11,93.79485029,93.79485029,Constructed,L,I,Core
CP2-ACFL-1-13,CP2,ST3,MAH,ACFL,2013,ST3-13,CP2-ACFL-1_2013,1,4,1,161,25921,384.14,477.95,447.38,0,0,0,0.59,0.85,0.13,0.22,0.11,93.79485029,93.79485029,Constructed,L,I,Core
CP2-ACFL-1-13,CP2,ST3,MAH,ACFL,2013,ST3-13,CP2-ACFL-1_2013,1,3,1,164,26896,384.14,477.95,447.38,0,0,0,0.59,0.85,0.13,0.22,0.11,93.79485029,93.79485029,Constructed,L,I,Core
CP2-ACFL-1-13,CP2,ST3,MAH,ACFL,2013,ST3-13,CP2-ACFL-1_2013,1,4,1,168,28224,384.14,477.95,447.38,0,0,0,0.59,0.85,0.13,0.22,0.11,93.79485029,93.79485029,Constructed,L,I,Core
CP2-ACFL-1-13,CP2,ST3,MAH,ACFL,2013,ST3-13,CP2-ACFL-1_2013,1,3,1,171,29241,384.14,477.95,447.38,0,0,0,0.59,0.85,0.13,0.22,0.11,93.79485029,93.79485029,Constructed,L,I,Core
CP2-ACFL-1-13,CP2,ST3,MAH,ACFL,2013,ST3-13,CP2-ACFL-1_2013,1,5,1,176,30976,384.14,477.95,447.38,0,0,0,0.59,0.85,0.13,0.22,0.11,93.79485029,93.79485029,Constructed,L,I,Core
CP2-ACFL-1-13,CP2,ST3,MAH,ACFL,2013,ST3-13,CP2-ACFL-1_2013,1,3,1,179,32041,384.14,477.95,447.38,0,0,0,0.59,0.85,0.13,0.22,0.11,93.79485029,93.79485029,Constructed,L,I,Core
CP2-ACFL-1-13,CP2,ST3,MAH,ACFL,2013,ST3-13,CP2-ACFL-1_2013,1,4,1,183,33489,384.14,477.95,447.38,0,0,0,0.59,0.85,0.13,0.22,0.11,93.79485029,93.79485029,Constructed,L,I,Core
CP2-ACFL-2-13,CP2,ST3,MAH,ACFL,2013,ST3-13,CP2-ACFL-2_2013,1,0,1,171,29241,324.25,670.57,273.26,0,0,0,0.6,0.65,0.18,0.22,0.11,43.69881962,0,Constructed,L,I,Edge
CP2-ACFL-2-13,CP2,ST3,MAH,ACFL,2013,ST3-13,CP2-ACFL-2_2013,1,5,1,176,30976,324.25,670.57,273.26,0,0,0,0.6,0.65,0.18,0.22,0.11,43.69881962,0,Constructed,L,I,Edge
CP2-ACFL-2-13,CP2,ST3,MAH,ACFL,2013,ST3-13,CP2-ACFL-2_2013,1,3,1,179,32041,324.25,670.57,273.26,0,0,0,0.6,0.65,0.18,0.22,0.11,43.69881962,0,Constructed,L,I,Edge
CP2-ACFL-2-13,CP2,ST3,MAH,ACFL,2013,ST3-13,CP2-ACFL-2_2013,1,4,1,183,33489,324.25,670.57,273.26,0,0,0,0.6,0.65,0.18,0.22,0.11,43.69881962,0,Constructed,L,I,Edge
CP2-ACFL-2-13,CP2,ST3,MAH,ACFL,2013,ST3-13,CP2-ACFL-2_2013,1,3,0,186,34596,324.25,670.57,273.26,0,0,0,0.6,0.65,0.18,0.22,0.11,43.69881962,0,Constructed,L,I,Edge
CP2-ACFL-2-13,CP2,ST3,MAH,ACFL,2013,ST3-13,CP2-ACFL-2_2013,1,4,0,190,36100,324.25,670.57,273.26,0,0,0,0.6,0.65,0.18,0.22,0.11,43.69881962,0,Constructed,L,I,Edge
CP2-ACFL-2-13,CP2,ST3,MAH,ACFL,2013,ST3-13,CP2-ACFL-2_2013,1,3,0,193,37249,324.25,670.57,273.26,0,0,0,0.6,0.65,0.18,0.22,0.11,43.69881962,0,Constructed,L,I,Edge
CP2-ACFL-2-13,CP2,ST3,MAH,ACFL,2013,ST3-13,CP2-ACFL-2_2013,1,4,0,197,38809,324.25,670.57,273.26,0,0,0,0.6,0.65,0.18,0.22,0.11,43.69881962,0,Constructed,L,I,Edge
CP2-ACFL-2-13,CP2,ST3,MAH,ACFL,2013,ST3-13,CP2-ACFL-2_2013,1,3,0,200,40000,324.25,670.57,273.26,0,0,0,0.6,0.65,0.18,0.22,0.11,43.69881962,0,Constructed,L,I,Edge
CP2-ACFL-2-13,CP2,ST3,MAH,ACFL,2013,ST3-13,CP2-ACFL-2_2013,1,4,0,204,41616,324.25,670.57,273.26,0,0,0,0.6,0.65,0.18,0.22,0.11,43.69881962,0,Constructed,L,I,Edge
CP2-ACFL-3-13,CP2,ST3,MAH,ACFL,2013,ST3-13,CP2-ACFL-3_2013,1,0,1,179,32041,229.81,643.78,518.62,0,0,0,0.59,0.97,0.03,0.22,0.11,43.69881962,0,Constructed,L,I,Edge
CP2-ACFL-3-13,CP2,ST3,MAH,ACFL,2013,ST3-13,CP2-ACFL-3_2013,1,4,1,183,33489,229.81,643.78,518.62,0,0,0,0.59,0.97,0.03,0.22,0.11,43.69881962,0,Constructed,L,I,Edge
CP2-ACFL-3-13,CP2,ST3,MAH,ACFL,2013,ST3-13,CP2-ACFL-3_2013,1,3,1,186,34596,229.81,643.78,518.62,0,0,0,0.59,0.97,0.03,0.22,0.11,43.69881962,0,Constructed,L,I,Edge
CP2-ACFL-3-13,CP2,ST3,MAH,ACFL,2013,ST3-13,CP2-ACFL-3_2013,1,4,1,190,36100,229.81,643.78,518.62,0,0,0,0.59,0.97,0.03,0.22,0.11,43.69881962,0,Constructed,L,I,Edge
CP2-ACFL-3-13,CP2,ST3,MAH,ACFL,2013,ST3-13,CP2-ACFL-3_2013,1,3,0,193,37249,229.81,643.78,518.62,0,0,0,0.59,0.97,0.03,0.22,0.11,43.69881962,0,Constructed,L,I,Edge
CP2-ACFL-3-13,CP2,ST3,MAH,ACFL,2013,ST3-13,CP2-ACFL-3_2013,1,4,1,197,38809,229.81,643.78,518.62,0,0,0,0.59,0.97,0.03,0.22,0.11,43.69881962,0,Constructed,L,I,Edge
CP2-ACFL-3-13,CP2,ST3,MAH,ACFL,2013,ST3-13,CP2-ACFL-3_2013,1,3,0,200,40000,229.81,643.78,518.62,0,0,0,0.59,0.97,0.03,0.22,0.11,43.69881962,0,Constructed,L,I,Edge
CP4-ACFL-1-13,CP4,BR7,MAH,ACFL,2013,BR7-13,CP4-ACFL-1_2013,1,0,0,151,22801,360.12,876.07,834.89,0,0,0,0.59,1,0,0.25,0.09,1031.448861,1031.448861,Constructed,L,I,Core
CP4-ACFL-1-13,CP4,BR7,MAH,ACFL,2013,BR7-13,CP4-ACFL-1_2013,1,4,0,155,24025,360.12,876.07,834.89,0,0,0,0.59,1,0,0.25,0.09,1031.448861,1031.448861,Constructed,L,I,Core
CP4-ACFL-1-13,CP4,BR7,MAH,ACFL,2013,BR7-13,CP4-ACFL-1_2013,1,3,0,158,24964,360.12,876.07,834.89,0,0,0,0.59,1,0,0.25,0.09,1031.448861,1031.448861,Constructed,L,I,Core
CP4-ACFL-1-13,CP4,BR7,MAH,ACFL,2013,BR7-13,CP4-ACFL-1_2013,1,4,0,162,26244,360.12,876.07,834.89,0,0,0,0.59,1,0,0.25,0.09,1031.448861,1031.448861,Constructed,L,I,Core
CP4-ACFL-1-13,CP4,BR7,MAH,ACFL,2013,BR7-13,CP4-ACFL-1_2013,1,3,0,165,27225,360.12,876.07,834.89,0,0,0,0.59,1,0,0.25,0.09,1031.448861,1031.448861,Constructed,L,I,Core
CP4-ACFL-1-13,CP4,BR7,MAH,ACFL,2013,BR7-13,CP4-ACFL-1_2013,1,4,0,169,28561,360.12,876.07,834.89,0,0,0,0.59,1,0,0.25,0.09,1031.448861,1031.448861,Constructed,L,I,Core
CP4-ACFL-1-13,CP4,BR7,MAH,ACFL,2013,BR7-13,CP4-ACFL-1_2013,1,8,0,177,31329,360.12,876.07,834.89,0,0,0,0.59,1,0,0.25,0.09,1031.448861,1031.448861,Constructed,L,I,Core
CP4-ACFL-1-13,CP4,BR7,MAH,ACFL,2013,BR7-13,CP4-ACFL-1_2013,1,3,0,180,32400,360.12,876.07,834.89,0,0,0,0.59,1,0,0.25,0.09,1031.448861,1031.448861,Constructed,L,I,Core
CP4-ACFL-1-13,CP4,BR7,MAH,ACFL,2013,BR7-13,CP4-ACFL-1_2013,1,4,0,184,33856,360.12,876.07,834.89,0,0,0,0.59,1,0,0.25,0.09,1031.448861,1031.448861,Constructed,L,I,Core
CP9-ACFL-1-13,CP9,HCT,MAH,ACFL,2013,HCT-13,CP9-ACFL-1_2013,1,0,0,144,20736,377.35,324.45,279.03,0,0,NA,0.59,0.62,0.16,0.21,0.13,398.4022122,398.4022122,Constructed,L,I,Core
CP9-ACFL-1-13,CP9,HCT,MAH,ACFL,2013,HCT-13,CP9-ACFL-1_2013,1,5,0,149,22201,377.35,324.45,279.03,0,0,NA,0.59,0.62,0.16,0.21,0.13,398.4022122,398.4022122,Constructed,L,I,Core
CP9-ACFL-1-13,CP9,HCT,MAH,ACFL,2013,HCT-13,CP9-ACFL-1_2013,1,3,0,152,23104,377.35,324.45,279.03,0,0,NA,0.59,0.62,0.16,0.21,0.13,398.4022122,398.4022122,Constructed,L,I,Core
CP9-ACFL-1-13,CP9,HCT,MAH,ACFL,2013,HCT-13,CP9-ACFL-1_2013,1,7,1,159,25281,377.35,324.45,279.03,0,0,NA,0.59,0.62,0.16,0.21,0.13,398.4022122,398.4022122,Constructed,L,I,Core
CP9-ACFL-1-13,CP9,HCT,MAH,ACFL,2013,HCT-13,CP9-ACFL-1_2013,1,7,1,166,27556,377.35,324.45,279.03,0,0,NA,0.59,0.62,0.16,0.21,0.13,398.4022122,398.4022122,Constructed,L,I,Core
CP9-ACFL-1-13,CP9,HCT,MAH,ACFL,2013,HCT-13,CP9-ACFL-1_2013,1,4,1,170,28900,377.35,324.45,279.03,0,0,NA,0.59,0.62,0.16,0.21,0.13,398.4022122,398.4022122,Constructed,L,I,Core
CP9-ACFL-1-13,CP9,HCT,MAH,ACFL,2013,HCT-13,CP9-ACFL-1_2013,1,5,1,175,30625,377.35,324.45,279.03,0,0,NA,0.59,0.62,0.16,0.21,0.13,398.4022122,398.4022122,Constructed,L,I,Core
CP9-ACFL-2-13,CP9,HCT,MAH,ACFL,2013,HCT-13,CP9-ACFL-2_2013,1,0,0,159,25281,242.57,417.21,227.86,0,0,NA,0.59,0.73,0.12,0.21,0.13,398.4022122,398.4022122,Constructed,L,I,Core
CP9-ACFL-2-13,CP9,HCT,MAH,ACFL,2013,HCT-13,CP9-ACFL-2_2013,1,7,0,166,27556,242.57,417.21,227.86,0,0,NA,0.59,0.73,0.12,0.21,0.13,398.4022122,398.4022122,Constructed,L,I,Core
CP9-ACFL-2-13,CP9,HCT,MAH,ACFL,2013,HCT-13,CP9-ACFL-2_2013,1,4,0,170,28900,242.57,417.21,227.86,0,0,NA,0.59,0.73,0.12,0.21,0.13,398.4022122,398.4022122,Constructed,L,I,Core
CP9-ACFL-2-13,CP9,HCT,MAH,ACFL,2013,HCT-13,CP9-ACFL-2_2013,1,5,0,175,30625,242.57,417.21,227.86,0,0,NA,0.59,0.73,0.12,0.21,0.13,398.4022122,398.4022122,Constructed,L,I,Core
CP9-ACFL-2-13,CP9,HCT,MAH,ACFL,2013,HCT-13,CP9-ACFL-2_2013,1,3,0,178,31684,242.57,417.21,227.86,0,0,NA,0.59,0.73,0.12,0.21,0.13,398.4022122,398.4022122,Constructed,L,I,Core
CP9-ACFL-2-13,CP9,HCT,MAH,ACFL,2013,HCT-13,CP9-ACFL-2_2013,1,11,0,189,35721,242.57,417.21,227.86,0,0,NA,0.59,0.73,0.12,0.21,0.13,398.4022122,398.4022122,Constructed,L,I,Core
EBW-ACFL-1-13,EBW,EBW,MAH,ACFL,2013,EBW-13,EBW-ACFL-1_2013,1,0,1,158,24964,82.41,780.93,505.45,3.23,4.27,5.25,0.58,0.99,0.01,0.24,0.1,493.1557688,493.1557688,Old Road,H,R,Core
EBW-ACFL-1-13,EBW,EBW,MAH,ACFL,2013,EBW-13,EBW-ACFL-1_2013,1,4,1,162,26244,82.41,780.93,505.45,3.23,4.27,5.25,0.58,0.99,0.01,0.24,0.1,493.1557688,493.1557688,Old Road,H,R,Core
EBW-ACFL-1-13,EBW,EBW,MAH,ACFL,2013,EBW-13,EBW-ACFL-1_2013,1,3,1,165,27225,82.41,780.93,505.45,3.23,4.27,5.25,0.58,0.99,0.01,0.24,0.1,493.1557688,493.1557688,Old Road,H,R,Core
EBW-ACFL-1-13,EBW,EBW,MAH,ACFL,2013,EBW-13,EBW-ACFL-1_2013,1,4,1,169,28561,82.41,780.93,505.45,3.23,4.27,5.25,0.58,0.99,0.01,0.24,0.1,493.1557688,493.1557688,Old Road,H,R,Core
EBW-ACFL-1-13,EBW,EBW,MAH,ACFL,2013,EBW-13,EBW-ACFL-1_2013,1,3,1,172,29584,82.41,780.93,505.45,3.23,4.27,5.25,0.58,0.99,0.01,0.24,0.1,493.1557688,493.1557688,Old Road,H,R,Core
EBW-ACFL-1-13,EBW,EBW,MAH,ACFL,2013,EBW-13,EBW-ACFL-1_2013,1,5,1,177,31329,82.41,780.93,505.45,3.23,4.27,5.25,0.58,0.99,0.01,0.24,0.1,493.1557688,493.1557688,Old Road,H,R,Core
EBW-ACFL-1-13,EBW,EBW,MAH,ACFL,2013,EBW-13,EBW-ACFL-1_2013,0,3,0,180,32400,82.41,780.93,505.45,3.23,4.27,5.25,0.58,0.99,0.01,0.24,0.1,493.1557688,493.1557688,Old Road,H,R,Core
EBW-ACFL-2-13,EBW,EBW,MAH,ACFL,2013,EBW-13,EBW-ACFL-2_2013,0,0,1,194,37636,84.18,772.14,503.75,3.23,4.27,5.25,0.58,0.99,0.01,0.24,0.1,493.1557688,493.1557688,Old Road,H,R,Core
EBW-ACFL-2-13,EBW,EBW,MAH,ACFL,2013,EBW-13,EBW-ACFL-2_2013,0,4,0,198,39204,84.18,772.14,503.75,3.23,4.27,5.25,0.58,0.99,0.01,0.24,0.1,493.1557688,493.1557688,Old Road,H,R,Core
HDT-ACFL-1-13,HDT,HDT,MAH,ACFL,2013,HDT-13,HDT-ACFL-1_2013,1,0,0,141,19881,31.96,1313.75,107.11,1.92,4.1,0,0.57,0.49,0.18,0.23,0.13,704.8031688,704.8031688,Old Road,L,R,Core
HDT-ACFL-1-13,HDT,HDT,MAH,ACFL,2013,HDT-13,HDT-ACFL-1_2013,1,3,0,144,20736,31.96,1313.75,107.11,1.92,4.1,0,0.57,0.49,0.18,0.23,0.13,704.8031688,704.8031688,Old Road,L,R,Core
HDT-ACFL-1-13,HDT,HDT,MAH,ACFL,2013,HDT-13,HDT-ACFL-1_2013,1,5,0,149,22201,31.96,1313.75,107.11,1.92,4.1,0,0.57,0.49,0.18,0.23,0.13,704.8031688,704.8031688,Old Road,L,R,Core
HDT-ACFL-1-13,HDT,HDT,MAH,ACFL,2013,HDT-13,HDT-ACFL-1_2013,1,3,0,152,23104,31.96,1313.75,107.11,1.92,4.1,0,0.57,0.49,0.18,0.23,0.13,704.8031688,704.8031688,Old Road,L,R,Core
HDT-ACFL-1-13,HDT,HDT,MAH,ACFL,2013,HDT-13,HDT-ACFL-1_2013,1,4,0,156,24336,31.96,1313.75,107.11,1.92,4.1,0,0.57,0.49,0.18,0.23,0.13,704.8031688,704.8031688,Old Road,L,R,Core
HDT-ACFL-1-13,HDT,HDT,MAH,ACFL,2013,HDT-13,HDT-ACFL-1_2013,0,3,0,159,25281,31.96,1313.75,107.11,1.92,4.1,0,0.57,0.49,0.18,0.23,0.13,704.8031688,704.8031688,Old Road,L,R,Core
HDT-ACFL-1-13,HDT,HDT,MAH,ACFL,2013,HDT-13,HDT-ACFL-1_2013,NA,4,0,163,26569,31.96,1313.75,107.11,1.92,4.1,0,0.57,0.49,0.18,0.23,0.13,704.8031688,704.8031688,Old Road,L,R,Core
HDT-ACFL-2-13,HDT,HDT,MAH,ACFL,2013,HDT-13,HDT-ACFL-2_2013,1,0,0,141,19881,48.31,1383.96,136.2,1.92,4.1,0,0.57,0.61,0.17,0.23,0.13,704.8031688,704.8031688,Old Road,L,R,Core
HDT-ACFL-2-13,HDT,HDT,MAH,ACFL,2013,HDT-13,HDT-ACFL-2_2013,1,3,0,144,20736,48.31,1383.96,136.2,1.92,4.1,0,0.57,0.61,0.17,0.23,0.13,704.8031688,704.8031688,Old Road,L,R,Core
HDT-ACFL-2-13,HDT,HDT,MAH,ACFL,2013,HDT-13,HDT-ACFL-2_2013,1,5,0,149,22201,48.31,1383.96,136.2,1.92,4.1,0,0.57,0.61,0.17,0.23,0.13,704.8031688,704.8031688,Old Road,L,R,Core
HDT-ACFL-2-13,HDT,HDT,MAH,ACFL,2013,HDT-13,HDT-ACFL-2_2013,1,3,0,152,23104,48.31,1383.96,136.2,1.92,4.1,0,0.57,0.61,0.17,0.23,0.13,704.8031688,704.8031688,Old Road,L,R,Core
HDT-ACFL-2-13,HDT,HDT,MAH,ACFL,2013,HDT-13,HDT-ACFL-2_2013,1,4,0,156,24336,48.31,1383.96,136.2,1.92,4.1,0,0.57,0.61,0.17,0.23,0.13,704.8031688,704.8031688,Old Road,L,R,Core
HDT-ACFL-2-13,HDT,HDT,MAH,ACFL,2013,HDT-13,HDT-ACFL-2_2013,1,3,0,159,25281,48.31,1383.96,136.2,1.92,4.1,0,0.57,0.61,0.17,0.23,0.13,704.8031688,704.8031688,Old Road,L,R,Core
HDT-ACFL-2-13,HDT,HDT,MAH,ACFL,2013,HDT-13,HDT-ACFL-2_2013,1,4,0,163,26569,48.31,1383.96,136.2,1.92,4.1,0,0.57,0.61,0.17,0.23,0.13,704.8031688,704.8031688,Old Road,L,R,Core
HDT-ACFL-2-13,HDT,HDT,MAH,ACFL,2013,HDT-13,HDT-ACFL-2_2013,1,3,0,166,27556,48.31,1383.96,136.2,1.92,4.1,0,0.57,0.61,0.17,0.23,0.13,704.8031688,704.8031688,Old Road,L,R,Core
HDT-ACFL-2-13,HDT,HDT,MAH,ACFL,2013,HDT-13,HDT-ACFL-2_2013,1,4,0,170,28900,48.31,1383.96,136.2,1.92,4.1,0,0.57,0.61,0.17,0.23,0.13,704.8031688,704.8031688,Old Road,L,R,Core
HDT-ACFL-2-13,HDT,HDT,MAH,ACFL,2013,HDT-13,HDT-ACFL-2_2013,1,5,0,175,30625,48.31,1383.96,136.2,1.92,4.1,0,0.57,0.61,0.17,0.23,0.13,704.8031688,704.8031688,Old Road,L,R,Core
HDT-ACFL-2-13,HDT,HDT,MAH,ACFL,2013,HDT-13,HDT-ACFL-2_2013,1,3,0,178,31684,48.31,1383.96,136.2,1.92,4.1,0,0.57,0.61,0.17,0.23,0.13,704.8031688,704.8031688,Old Road,L,R,Core
HDT-ACFL-3-13,HDT,HDT,MAH,ACFL,2013,HDT-13,HDT-ACFL-3_2013,1,0,0,144,20736,18.25,1382.8,218.73,1.92,4.1,0,0.57,0.7,0.14,0.23,0.13,704.8031688,704.8031688,Old Road,L,R,Core
HDT-ACFL-3-13,HDT,HDT,MAH,ACFL,2013,HDT-13,HDT-ACFL-3_2013,1,5,0,149,22201,18.25,1382.8,218.73,1.92,4.1,0,0.57,0.7,0.14,0.23,0.13,704.8031688,704.8031688,Old Road,L,R,Core
HDT-ACFL-3-13,HDT,HDT,MAH,ACFL,2013,HDT-13,HDT-ACFL-3_2013,1,3,0,152,23104,18.25,1382.8,218.73,1.92,4.1,0,0.57,0.7,0.14,0.23,0.13,704.8031688,704.8031688,Old Road,L,R,Core
HDT-ACFL-3-13,HDT,HDT,MAH,ACFL,2013,HDT-13,HDT-ACFL-3_2013,1,4,0,156,24336,18.25,1382.8,218.73,1.92,4.1,0,0.57,0.7,0.14,0.23,0.13,704.8031688,704.8031688,Old Road,L,R,Core
HDT-ACFL-3-13,HDT,HDT,MAH,ACFL,2013,HDT-13,HDT-ACFL-3_2013,1,3,0,159,25281,18.25,1382.8,218.73,1.92,4.1,0,0.57,0.7,0.14,0.23,0.13,704.8031688,704.8031688,Old Road,L,R,Core
HDT-ACFL-3-13,HDT,HDT,MAH,ACFL,2013,HDT-13,HDT-ACFL-3_2013,1,4,0,163,26569,18.25,1382.8,218.73,1.92,4.1,0,0.57,0.7,0.14,0.23,0.13,704.8031688,704.8031688,Old Road,L,R,Core
HDT-ACFL-3-13,HDT,HDT,MAH,ACFL,2013,HDT-13,HDT-ACFL-3_2013,1,3,0,166,27556,18.25,1382.8,218.73,1.92,4.1,0,0.57,0.7,0.14,0.23,0.13,704.8031688,704.8031688,Old Road,L,R,Core
HDT-ACFL-3-13,HDT,HDT,MAH,ACFL,2013,HDT-13,HDT-ACFL-3_2013,1,4,0,170,28900,18.25,1382.8,218.73,1.92,4.1,0,0.57,0.7,0.14,0.23,0.13,704.8031688,704.8031688,Old Road,L,R,Core
HDT-ACFL-3-13,HDT,HDT,MAH,ACFL,2013,HDT-13,HDT-ACFL-3_2013,1,5,0,175,30625,18.25,1382.8,218.73,1.92,4.1,0,0.57,0.7,0.14,0.23,0.13,704.8031688,704.8031688,Old Road,L,R,Core
HDT-ACFL-3-13,HDT,HDT,MAH,ACFL,2013,HDT-13,HDT-ACFL-3_2013,1,3,0,178,31684,18.25,1382.8,218.73,1.92,4.1,0,0.57,0.7,0.14,0.23,0.13,704.8031688,704.8031688,Old Road,L,R,Core
ST2-ACFL-1-13,ST2,ST2,MAH,ACFL,2013,ST2-13,ST2-ACFL-1_2013,1,0,0,150,22500,19.75,638.56,281.56,0.7,2.6,0.29,0.59,0.77,0.17,0.22,0.11,252.6257898,252.6257898,Constructed,H,C,Core
ST2-ACFL-1-13,ST2,ST2,MAH,ACFL,2013,ST2-13,ST2-ACFL-1_2013,1,4,0,154,23716,19.75,638.56,281.56,0.7,2.6,0.29,0.59,0.77,0.17,0.22,0.11,252.6257898,252.6257898,Constructed,H,C,Core
ST2-ACFL-1-13,ST2,ST2,MAH,ACFL,2013,ST2-13,ST2-ACFL-1_2013,1,3,0,157,24649,19.75,638.56,281.56,0.7,2.6,0.29,0.59,0.77,0.17,0.22,0.11,252.6257898,252.6257898,Constructed,H,C,Core
ST2-ACFL-1-13,ST2,ST2,MAH,ACFL,2013,ST2-13,ST2-ACFL-1_2013,1,4,0,161,25921,19.75,638.56,281.56,0.7,2.6,0.29,0.59,0.77,0.17,0.22,0.11,252.6257898,252.6257898,Constructed,H,C,Core
ST2-ACFL-1-13,ST2,ST2,MAH,ACFL,2013,ST2-13,ST2-ACFL-1_2013,1,3,0,164,26896,19.75,638.56,281.56,0.7,2.6,0.29,0.59,0.77,0.17,0.22,0.11,252.6257898,252.6257898,Constructed,H,C,Core
ST2-ACFL-1-13,ST2,ST2,MAH,ACFL,2013,ST2-13,ST2-ACFL-1_2013,1,4,0,168,28224,19.75,638.56,281.56,0.7,2.6,0.29,0.59,0.77,0.17,0.22,0.11,252.6257898,252.6257898,Constructed,H,C,Core
ST2-ACFL-1-13,ST2,ST2,MAH,ACFL,2013,ST2-13,ST2-ACFL-1_2013,1,3,0,171,29241,19.75,638.56,281.56,0.7,2.6,0.29,0.59,0.77,0.17,0.22,0.11,252.6257898,252.6257898,Constructed,H,C,Core
ST2-ACFL-1-13,ST2,ST2,MAH,ACFL,2013,ST2-13,ST2-ACFL-1_2013,1,5,0,176,30976,19.75,638.56,281.56,0.7,2.6,0.29,0.59,0.77,0.17,0.22,0.11,252.6257898,252.6257898,Constructed,H,C,Core
ST2-ACFL-1-13,ST2,ST2,MAH,ACFL,2013,ST2-13,ST2-ACFL-1_2013,1,3,0,179,32041,19.75,638.56,281.56,0.7,2.6,0.29,0.59,0.77,0.17,0.22,0.11,252.6257898,252.6257898,Constructed,H,C,Core
PAN-01_2014,PAN,PAN,MP,ACFL,2014,PAN-14,PAN-01_2014,NA,0,0,148,21904,4645.77,257.3,225.45,0,0,0,0.54,0.72,0.15,0.28,0.12,401.712027,401.712027,NA,NA,I,Core
PAN-01_2014,PAN,PAN,MP,ACFL,2014,PAN-15,PAN-01_2014,0,4,1,152,23104,4645.77,257.3,225.45,0,0,0,0.54,0.72,0.15,0.28,0.12,401.712027,401.712027,NA,NA,I,Core
PAN-01_2014,PAN,PAN,MP,ACFL,2014,PAN-16,PAN-01_2014,1,3,1,155,24025,4645.77,257.3,225.45,0,0,0,0.54,0.72,0.15,0.28,0.12,401.712027,401.712027,NA,NA,I,Core
PAN-01_2014,PAN,PAN,MP,ACFL,2014,PAN-17,PAN-01_2014,1,2,1,157,24649,4645.77,257.3,225.45,0,0,0,0.54,0.72,0.15,0.28,0.12,401.712027,401.712027,NA,NA,I,Core
PAN-01_2014,PAN,PAN,MP,ACFL,2014,PAN-18,PAN-01_2014,1,4,1,161,25921,4645.77,257.3,225.45,0,0,0,0.54,0.72,0.15,0.28,0.12,401.712027,401.712027,NA,NA,I,Core
PAN-01_2014,PAN,PAN,MP,ACFL,2014,PAN-19,PAN-01_2014,1,3,1,164,26896,4645.77,257.3,225.45,0,0,0,0.54,0.72,0.15,0.28,0.12,401.712027,401.712027,NA,NA,I,Core
PAN-01_2014,PAN,PAN,MP,ACFL,2014,PAN-20,PAN-01_2014,1,2,1,166,27556,4645.77,257.3,225.45,0,0,0,0.54,0.72,0.15,0.28,0.12,401.712027,401.712027,NA,NA,I,Core
PAN-01_2014,PAN,PAN,MP,ACFL,2014,PAN-21,PAN-01_2014,1,1,1,167,27889,4645.77,257.3,225.45,0,0,0,0.54,0.72,0.15,0.28,0.12,401.712027,401.712027,NA,NA,I,Core
PAN-01_2014,PAN,PAN,MP,ACFL,2014,PAN-22,PAN-01_2014,1,1,1,168,28224,4645.77,257.3,225.45,0,0,0,0.54,0.72,0.15,0.28,0.12,401.712027,401.712027,NA,NA,I,Core
PAN-01_2014,PAN,PAN,MP,ACFL,2014,PAN-23,PAN-01_2014,1,1,1,169,28561,4645.77,257.3,225.45,0,0,0,0.54,0.72,0.15,0.28,0.12,401.712027,401.712027,NA,NA,I,Core
PAN-01_2014,PAN,PAN,MP,ACFL,2014,PAN-24,PAN-01_2014,1,4,0,173,29929,4645.77,257.3,225.45,0,0,0,0.54,0.72,0.15,0.28,0.12,401.712027,401.712027,NA,NA,I,Core
PAN-01_2014,PAN,PAN,MP,ACFL,2014,PAN-25,PAN-01_2014,1,2,0,175,30625,4645.77,257.3,225.45,0,0,0,0.54,0.72,0.15,0.28,0.12,401.712027,401.712027,NA,NA,I,Core
PAN-01_2014,PAN,PAN,MP,ACFL,2014,PAN-26,PAN-01_2014,1,5,0,180,32400,4645.77,257.3,225.45,0,0,0,0.54,0.72,0.15,0.28,0.12,401.712027,401.712027,NA,NA,I,Core
PAN-01_2014,PAN,PAN,MP,ACFL,2014,PAN-27,PAN-01_2014,0,3,0,183,33489,4645.77,257.3,225.45,0,0,0,0.54,0.72,0.15,0.28,0.12,401.712027,401.712027,NA,NA,I,Core
BH-03_2014,BH,BH,MP,ACFL,2014,BH-28,BH-03_2014,0,0,0,154,23716,100.35,494.53,563.91,0,0,0,0.55,1,0,0.28,0.1,2754.734404,2754.734404,NA,NA,I,Core
BH-03_2014,BH,BH,MP,ACFL,2014,BH-29,BH-03_2014,1,35,0,189,35721,100.35,494.53,563.91,0,0,0,0.55,1,0,0.28,0.1,2754.734404,2754.734404,NA,NA,I,Core
BH-03_2014,BH,BH,MP,ACFL,2014,BH-30,BH-03_2014,1,4,0,193,37249,100.35,494.53,563.91,0,0,0,0.55,1,0,0.28,0.1,2754.734404,2754.734404,NA,NA,I,Core
BH-03_2014,BH,BH,MP,ACFL,2014,BH-31,BH-03_2014,1,4,0,197,38809,100.35,494.53,563.91,0,0,0,0.55,1,0,0.28,0.1,2754.734404,2754.734404,NA,NA,I,Core
BH-03_2014,BH,BH,MP,ACFL,2014,BH-32,BH-03_2014,1,1,0,198,39204,100.35,494.53,563.91,0,0,0,0.55,1,0,0.28,0.1,2754.734404,2754.734404,NA,NA,I,Core
BH-03_2014,BH,BH,MP,ACFL,2014,BH-33,BH-03_2014,1,1,0,199,39601,100.35,494.53,563.91,0,0,0,0.55,1,0,0.28,0.1,2754.734404,2754.734404,NA,NA,I,Core
PH-07_2014,PH,PH,MP,ACFL,2014,PH-34,PH-07_2014,1,4,0,154,23716,2679.85,705.53,351.24,0,0,0,0.55,0.86,0.07,0.26,0.12,309.4080784,309.4080784,NA,NA,I,Core
PH-07_2014,PH,PH,MP,ACFL,2014,PH-35,PH-07_2014,0,3,0,157,24649,2679.85,705.53,351.24,0,0,0,0.55,0.86,0.07,0.26,0.12,309.4080784,309.4080784,NA,NA,I,Core
PH-08_2014,PH,PH,MP,ACFL,2014,PH-36,PH-08_2014,0,2,0,161,25921,2710.66,698.26,340.08,0,0,0,0.55,0.88,0.07,0.26,0.12,309.4080784,309.4080784,NA,NA,I,Core
PH-08_2014,PH,PH,MP,ACFL,2014,PH-37,PH-08_2014,1,0,0,164,26896,2710.66,698.26,340.08,0,0,0,0.55,0.88,0.07,0.26,0.12,309.4080784,309.4080784,NA,NA,I,Core
PH-08_2014,PH,PH,MP,ACFL,2014,PH-38,PH-08_2014,1,4,0,168,28224,2710.66,698.26,340.08,0,0,0,0.55,0.88,0.07,0.26,0.12,309.4080784,309.4080784,NA,NA,I,Core
PH-08_2014,PH,PH,MP,ACFL,2014,PH-39,PH-08_2014,1,5,0,173,29929,2710.66,698.26,340.08,0,0,0,0.55,0.88,0.07,0.26,0.12,309.4080784,309.4080784,NA,NA,I,Core
PH-08_2014,PH,PH,MP,ACFL,2014,PH-40,PH-08_2014,1,1,0,174,30276,2710.66,698.26,340.08,0,0,0,0.55,0.88,0.07,0.26,0.12,309.4080784,309.4080784,NA,NA,I,Core
PH-08_2014,PH,PH,MP,ACFL,2014,PH-41,PH-08_2014,1,1,0,175,30625,2710.66,698.26,340.08,0,0,0,0.55,0.88,0.07,0.26,0.12,309.4080784,309.4080784,NA,NA,I,Core
PH-08_2014,PH,PH,MP,ACFL,2014,PH-42,PH-08_2014,1,1,0,176,30976,2710.66,698.26,340.08,0,0,0,0.55,0.88,0.07,0.26,0.12,309.4080784,309.4080784,NA,NA,I,Core
PH-08_2014,PH,PH,MP,ACFL,2014,PH-43,PH-08_2014,1,4,0,180,32400,2710.66,698.26,340.08,0,0,0,0.55,0.88,0.07,0.26,0.12,309.4080784,309.4080784,NA,NA,I,Core
PH-08_2014,PH,PH,MP,ACFL,2014,PH-44,PH-08_2014,1,4,0,184,33856,2710.66,698.26,340.08,0,0,0,0.55,0.88,0.07,0.26,0.12,309.4080784,309.4080784,NA,NA,I,Core
PH-08_2014,PH,PH,MP,ACFL,2014,PH-45,PH-08_2014,1,4,0,188,35344,2710.66,698.26,340.08,0,0,0,0.55,0.88,0.07,0.26,0.12,309.4080784,309.4080784,NA,NA,I,Core
PH-08_2014,PH,PH,MP,ACFL,2014,PH-46,PH-08_2014,0,4,0,192,36864,2710.66,698.26,340.08,0,0,0,0.55,0.88,0.07,0.26,0.12,309.4080784,309.4080784,NA,NA,I,Core
PH-09_2014,PH,PH,MP,ACFL,2014,PH-47,PH-09_2014,1,4,0,154,23716,2747.11,653.91,336.04,0,0,0,0.55,0.89,0.06,0.26,0.12,309.4080784,309.4080784,NA,NA,I,Core
PH-09_2014,PH,PH,MP,ACFL,2014,PH-48,PH-09_2014,1,3,0,157,24649,2747.11,653.91,336.04,0,0,0,0.55,0.89,0.06,0.26,0.12,309.4080784,309.4080784,NA,NA,I,Core
PH-09_2014,PH,PH,MP,ACFL,2014,PH-49,PH-09_2014,1,2,0,159,25281,2747.11,653.91,336.04,0,0,0,0.55,0.89,0.06,0.26,0.12,309.4080784,309.4080784,NA,NA,I,Core
PH-09_2014,PH,PH,MP,ACFL,2014,PH-50,PH-09_2014,1,2,1,161,25921,2747.11,653.91,336.04,0,0,0,0.55,0.89,0.06,0.26,0.12,309.4080784,309.4080784,NA,NA,I,Core
PH-09_2014,PH,PH,MP,ACFL,2014,PH-51,PH-09_2014,1,3,0,164,26896,2747.11,653.91,336.04,0,0,0,0.55,0.89,0.06,0.26,0.12,309.4080784,309.4080784,NA,NA,I,Core
PH-09_2014,PH,PH,MP,ACFL,2014,PH-52,PH-09_2014,0,4,0,168,28224,2747.11,653.91,336.04,0,0,0,0.55,0.89,0.06,0.26,0.12,309.4080784,309.4080784,NA,NA,I,Core
PH-10_2014,PH,PH,MP,ACFL,2014,PH-53,PH-10_2014,1,4,0,154,23716,2806.93,668.35,395.63,0,0,0,0.55,0.93,0.05,0.26,0.12,309.4080784,309.4080784,NA,NA,I,Core
PH-10_2014,PH,PH,MP,ACFL,2014,PH-54,PH-10_2014,1,3,0,157,24649,2806.93,668.35,395.63,0,0,0,0.55,0.93,0.05,0.26,0.12,309.4080784,309.4080784,NA,NA,I,Core
PH-10_2014,PH,PH,MP,ACFL,2014,PH-55,PH-10_2014,1,2,0,159,25281,2806.93,668.35,395.63,0,0,0,0.55,0.93,0.05,0.26,0.12,309.4080784,309.4080784,NA,NA,I,Core
PH-10_2014,PH,PH,MP,ACFL,2014,PH-56,PH-10_2014,0,2,0,161,25921,2806.93,668.35,395.63,0,0,0,0.55,0.93,0.05,0.26,0.12,309.4080784,309.4080784,NA,NA,I,Core
PH-11_2014,PH,PH,MP,ACFL,2014,PH-57,PH-11_2014,1,3,0,164,26896,2653.46,663.73,307.03,0,0,0,0.55,0.83,0.08,0.26,0.12,309.4080784,309.4080784,NA,NA,I,Core
PH-11_2014,PH,PH,MP,ACFL,2014,PH-58,PH-11_2014,1,4,0,168,28224,2653.46,663.73,307.03,0,0,0,0.55,0.83,0.08,0.26,0.12,309.4080784,309.4080784,NA,NA,I,Core
PH-11_2014,PH,PH,MP,ACFL,2014,PH-59,PH-11_2014,1,5,1,173,29929,2653.46,663.73,307.03,0,0,0,0.55,0.83,0.08,0.26,0.12,309.4080784,309.4080784,NA,NA,I,Core
PH-11_2014,PH,PH,MP,ACFL,2014,PH-60,PH-11_2014,1,1,1,174,30276,2653.46,663.73,307.03,0,0,0,0.55,0.83,0.08,0.26,0.12,309.4080784,309.4080784,NA,NA,I,Core
PH-11_2014,PH,PH,MP,ACFL,2014,PH-61,PH-11_2014,1,1,1,175,30625,2653.46,663.73,307.03,0,0,0,0.55,0.83,0.08,0.26,0.12,309.4080784,309.4080784,NA,NA,I,Core
PH-11_2014,PH,PH,MP,ACFL,2014,PH-62,PH-11_2014,1,1,1,176,30976,2653.46,663.73,307.03,0,0,0,0.55,0.83,0.08,0.26,0.12,309.4080784,309.4080784,NA,NA,I,Core
PH-11_2014,PH,PH,MP,ACFL,2014,PH-63,PH-11_2014,1,4,1,180,32400,2653.46,663.73,307.03,0,0,0,0.55,0.83,0.08,0.26,0.12,309.4080784,309.4080784,NA,NA,I,Core
PH-11_2014,PH,PH,MP,ACFL,2014,PH-64,PH-11_2014,1,4,1,184,33856,2653.46,663.73,307.03,0,0,0,0.55,0.83,0.08,0.26,0.12,309.4080784,309.4080784,NA,NA,I,Core
PH-11_2014,PH,PH,MP,ACFL,2014,PH-65,PH-11_2014,1,4,0,188,35344,2653.46,663.73,307.03,0,0,0,0.55,0.83,0.08,0.26,0.12,309.4080784,309.4080784,NA,NA,I,Core
PH-11_2014,PH,PH,MP,ACFL,2014,PH-66,PH-11_2014,0,4,0,192,36864,2653.46,663.73,307.03,0,0,0,0.55,0.83,0.08,0.26,0.12,309.4080784,309.4080784,NA,NA,I,Core
PH-14_2014,PH,PH,MP,ACFL,2014,PH-67,PH-14_2014,1,0,0,174,30276,2852.09,993.73,318.64,0,0,0,0.55,0.88,0.06,0.27,0.12,309.4080784,309.4080784,NA,NA,I,Core
PH-14_2014,PH,PH,MP,ACFL,2014,PH-68,PH-14_2014,1,1,0,175,30625,2852.09,993.73,318.64,0,0,0,0.55,0.88,0.06,0.27,0.12,309.4080784,309.4080784,NA,NA,I,Core
PH-14_2014,PH,PH,MP,ACFL,2014,PH-69,PH-14_2014,1,1,0,176,30976,2852.09,993.73,318.64,0,0,0,0.55,0.88,0.06,0.27,0.12,309.4080784,309.4080784,NA,NA,I,Core
PH-14_2014,PH,PH,MP,ACFL,2014,PH-70,PH-14_2014,1,4,0,180,32400,2852.09,993.73,318.64,0,0,0,0.55,0.88,0.06,0.27,0.12,309.4080784,309.4080784,NA,NA,I,Core
PH-14_2014,PH,PH,MP,ACFL,2014,PH-71,PH-14_2014,0,4,0,184,33856,2852.09,993.73,318.64,0,0,0,0.55,0.88,0.06,0.27,0.12,309.4080784,309.4080784,NA,NA,I,Core
PH-15_2014,PH,PH,MP,ACFL,2014,PH-72,PH-15_2014,1,4,0,180,32400,2795.86,987.68,289.19,0,0,0,0.56,0.75,0.12,0.27,0.12,309.4080784,309.4080784,NA,NA,I,Core
PH-15_2014,PH,PH,MP,ACFL,2014,PH-73,PH-15_2014,1,4,0,184,33856,2795.86,987.68,289.19,0,0,0,0.56,0.75,0.12,0.27,0.12,309.4080784,309.4080784,NA,NA,I,Core
PH-15_2014,PH,PH,MP,ACFL,2014,PH-74,PH-15_2014,1,4,0,188,35344,2795.86,987.68,289.19,0,0,0,0.56,0.75,0.12,0.27,0.12,309.4080784,309.4080784,NA,NA,I,Core
PH-15_2014,PH,PH,MP,ACFL,2014,PH-75,PH-15_2014,1,4,0,192,36864,2795.86,987.68,289.19,0,0,0,0.56,0.75,0.12,0.27,0.12,309.4080784,309.4080784,NA,NA,I,Core
PH-15_2014,PH,PH,MP,ACFL,2014,PH-76,PH-15_2014,1,4,0,196,38416,2795.86,987.68,289.19,0,0,0,0.56,0.75,0.12,0.27,0.12,309.4080784,309.4080784,NA,NA,I,Core
PH-15_2014,PH,PH,MP,ACFL,2014,PH-77,PH-15_2014,1,1,0,197,38809,2795.86,987.68,289.19,0,0,0,0.56,0.75,0.12,0.27,0.12,309.4080784,309.4080784,NA,NA,I,Core
PH-15_2014,PH,PH,MP,ACFL,2014,PH-78,PH-15_2014,1,2,0,199,39601,2795.86,987.68,289.19,0,0,0,0.56,0.75,0.12,0.27,0.12,309.4080784,309.4080784,NA,NA,I,Core
PH-15_2014,PH,PH,MP,ACFL,2014,PH-79,PH-15_2014,0,2,0,201,40401,2795.86,987.68,289.19,0,0,0,0.56,0.75,0.12,0.27,0.12,309.4080784,309.4080784,NA,NA,I,Core
PH-16_2014,PH,PH,MP,ACFL,2014,PH-80,PH-16_2014,1,0,0,180,32400,2825.66,616.5,420.03,0,0,0,0.55,0.94,0.04,0.26,0.12,309.4080784,309.4080784,NA,NA,I,Core
PH-16_2014,PH,PH,MP,ACFL,2014,PH-81,PH-16_2014,1,4,0,184,33856,2825.66,616.5,420.03,0,0,0,0.55,0.94,0.04,0.26,0.12,309.4080784,309.4080784,NA,NA,I,Core
PH-16_2014,PH,PH,MP,ACFL,2014,PH-82,PH-16_2014,1,4,0,188,35344,2825.66,616.5,420.03,0,0,0,0.55,0.94,0.04,0.26,0.12,309.4080784,309.4080784,NA,NA,I,Core
PH-16_2014,PH,PH,MP,ACFL,2014,PH-83,PH-16_2014,1,4,0,192,36864,2825.66,616.5,420.03,0,0,0,0.55,0.94,0.04,0.26,0.12,309.4080784,309.4080784,NA,NA,I,Core
PH-16_2014,PH,PH,MP,ACFL,2014,PH-84,PH-16_2014,1,4,0,196,38416,2825.66,616.5,420.03,0,0,0,0.55,0.94,0.04,0.26,0.12,309.4080784,309.4080784,NA,NA,I,Core
PH-16_2014,PH,PH,MP,ACFL,2014,PH-85,PH-16_2014,1,1,0,197,38809,2825.66,616.5,420.03,0,0,0,0.55,0.94,0.04,0.26,0.12,309.4080784,309.4080784,NA,NA,I,Core
PH-16_2014,PH,PH,MP,ACFL,2014,PH-86,PH-16_2014,0,2,0,199,39601,2825.66,616.5,420.03,0,0,0,0.55,0.94,0.04,0.26,0.12,309.4080784,309.4080784,NA,NA,I,Core
PH-17_2014,PH,PH,MP,ACFL,2014,PH-87,PH-17_2014,1,0,0,188,35344,2767.69,702.45,363.38,0,0,0,0.55,0.91,0.05,0.26,0.12,309.4080784,309.4080784,NA,NA,I,Core
PH-17_2014,PH,PH,MP,ACFL,2014,PH-88,PH-17_2014,0,4,0,192,36864,2767.69,702.45,363.38,0,0,0,0.55,0.91,0.05,0.26,0.12,309.4080784,309.4080784,NA,NA,I,Core
PH-18_2014,PH,PH,MP,ACFL,2014,PH-89,PH-18_2014,1,4,0,180,32400,2581.96,680.47,301.07,0,0,0,0.56,0.81,0.08,0.26,0.12,309.4080784,309.4080784,NA,NA,I,Core
PH-18_2014,PH,PH,MP,ACFL,2014,PH-90,PH-18_2014,1,4,0,184,33856,2581.96,680.47,301.07,0,0,0,0.56,0.81,0.08,0.26,0.12,309.4080784,309.4080784,NA,NA,I,Core
PH-18_2014,PH,PH,MP,ACFL,2014,PH-91,PH-18_2014,1,4,0,188,35344,2581.96,680.47,301.07,0,0,0,0.56,0.81,0.08,0.26,0.12,309.4080784,309.4080784,NA,NA,I,Core
PH-18_2014,PH,PH,MP,ACFL,2014,PH-92,PH-18_2014,0,4,0,192,36864,2581.96,680.47,301.07,0,0,0,0.56,0.81,0.08,0.26,0.12,309.4080784,309.4080784,NA,NA,I,Core
PH-19_2014,PH,PH,MP,ACFL,2014,PH-93,PH-19_2014,1,0,0,197,38809,2753.79,805.24,455.95,0,0,0,0.55,0.95,0.05,0.26,0.12,309.4080784,309.4080784,NA,NA,I,Core
PH-19_2014,PH,PH,MP,ACFL,2014,PH-94,PH-19_2014,1,2,0,199,39601,2753.79,805.24,455.95,0,0,0,0.55,0.95,0.05,0.26,0.12,309.4080784,309.4080784,NA,NA,I,Core
PH-19_2014,PH,PH,MP,ACFL,2014,PH-95,PH-19_2014,1,2,0,201,40401,2753.79,805.24,455.95,0,0,0,0.55,0.95,0.05,0.26,0.12,309.4080784,309.4080784,NA,NA,I,Core
PH-19_2014,PH,PH,MP,ACFL,2014,PH-96,PH-19_2014,1,1,0,202,40804,2753.79,805.24,455.95,0,0,0,0.55,0.95,0.05,0.26,0.12,309.4080784,309.4080784,NA,NA,I,Core
PH-19_2014,PH,PH,MP,ACFL,2014,PH-97,PH-19_2014,1,6,0,208,43264,2753.79,805.24,455.95,0,0,0,0.55,0.95,0.05,0.26,0.12,309.4080784,309.4080784,NA,NA,I,Core
PG-02_2014,PG,PG,MP,ACFL,2014,PG-98,PG-02_2014,1,5,0,153,23409,247.16,535.57,219.56,0,0,0,0.58,0.79,0.17,0.26,0.09,584.1690338,584.1690338,NA,NA,I,Core
PG-02_2014,PG,PG,MP,ACFL,2014,PG-99,PG-02_2014,1,3,0,156,24336,247.16,535.57,219.56,0,0,0,0.58,0.79,0.17,0.26,0.09,584.1690338,584.1690338,NA,NA,I,Core
PG-02_2014,PG,PG,MP,ACFL,2014,PG-00,PG-02_2014,1,3,0,159,25281,247.16,535.57,219.56,0,0,0,0.58,0.79,0.17,0.26,0.09,584.1690338,584.1690338,NA,NA,I,Core
PG-02_2014,PG,PG,MP,ACFL,2014,PG-01,PG-02_2014,1,3,0,162,26244,247.16,535.57,219.56,0,0,0,0.58,0.79,0.17,0.26,0.09,584.1690338,584.1690338,NA,NA,I,Core
PG-02_2014,PG,PG,MP,ACFL,2014,PG-02,PG-02_2014,1,1,0,163,26569,247.16,535.57,219.56,0,0,0,0.58,0.79,0.17,0.26,0.09,584.1690338,584.1690338,NA,NA,I,Core
PG-02_2014,PG,PG,MP,ACFL,2014,PG-03,PG-02_2014,1,1,0,164,26896,247.16,535.57,219.56,0,0,0,0.58,0.79,0.17,0.26,0.09,584.1690338,584.1690338,NA,NA,I,Core
PG-02_2014,PG,PG,MP,ACFL,2014,PG-04,PG-02_2014,1,1,0,165,27225,247.16,535.57,219.56,0,0,0,0.58,0.79,0.17,0.26,0.09,584.1690338,584.1690338,NA,NA,I,Core
PG-02_2014,PG,PG,MP,ACFL,2014,PG-05,PG-02_2014,1,1,0,166,27556,247.16,535.57,219.56,0,0,0,0.58,0.79,0.17,0.26,0.09,584.1690338,584.1690338,NA,NA,I,Core
PG-02_2014,PG,PG,MP,ACFL,2014,PG-06,PG-02_2014,1,5,0,171,29241,247.16,535.57,219.56,0,0,0,0.58,0.79,0.17,0.26,0.09,584.1690338,584.1690338,NA,NA,I,Core
PG-02_2014,PG,PG,MP,ACFL,2014,PG-07,PG-02_2014,1,6,0,177,31329,247.16,535.57,219.56,0,0,0,0.58,0.79,0.17,0.26,0.09,584.1690338,584.1690338,NA,NA,I,Core
PG-02_2014,PG,PG,MP,ACFL,2014,PG-08,PG-02_2014,1,3,0,180,32400,247.16,535.57,219.56,0,0,0,0.58,0.79,0.17,0.26,0.09,584.1690338,584.1690338,NA,NA,I,Core
PG-02_2014,PG,PG,MP,ACFL,2014,PG-09,PG-02_2014,0,5,0,185,34225,247.16,535.57,219.56,0,0,0,0.58,0.79,0.17,0.26,0.09,584.1690338,584.1690338,NA,NA,I,Core
PG-03_2014,PG,PG,MP,ACFL,2014,PG-10,PG-03_2014,1,0,0,148,21904,269.61,479.49,243.23,0,0,0,0.58,0.78,0.18,0.26,0.09,584.1690338,584.1690338,NA,NA,I,Core
PG-03_2014,PG,PG,MP,ACFL,2014,PG-11,PG-03_2014,1,5,0,153,23409,269.61,479.49,243.23,0,0,0,0.58,0.78,0.18,0.26,0.09,584.1690338,584.1690338,NA,NA,I,Core
PG-03_2014,PG,PG,MP,ACFL,2014,PG-12,PG-03_2014,1,3,0,156,24336,269.61,479.49,243.23,0,0,0,0.58,0.78,0.18,0.26,0.09,584.1690338,584.1690338,NA,NA,I,Core
PG-03_2014,PG,PG,MP,ACFL,2014,PG-13,PG-03_2014,1,3,0,159,25281,269.61,479.49,243.23,0,0,0,0.58,0.78,0.18,0.26,0.09,584.1690338,584.1690338,NA,NA,I,Core
PG-03_2014,PG,PG,MP,ACFL,2014,PG-14,PG-03_2014,1,3,0,162,26244,269.61,479.49,243.23,0,0,0,0.58,0.78,0.18,0.26,0.09,584.1690338,584.1690338,NA,NA,I,Core
PG-03_2014,PG,PG,MP,ACFL,2014,PG-15,PG-03_2014,1,1,0,163,26569,269.61,479.49,243.23,0,0,0,0.58,0.78,0.18,0.26,0.09,584.1690338,584.1690338,NA,NA,I,Core
PG-03_2014,PG,PG,MP,ACFL,2014,PG-16,PG-03_2014,1,1,0,164,26896,269.61,479.49,243.23,0,0,0,0.58,0.78,0.18,0.26,0.09,584.1690338,584.1690338,NA,NA,I,Core
PG-03_2014,PG,PG,MP,ACFL,2014,PG-17,PG-03_2014,1,1,0,165,27225,269.61,479.49,243.23,0,0,0,0.58,0.78,0.18,0.26,0.09,584.1690338,584.1690338,NA,NA,I,Core
PG-03_2014,PG,PG,MP,ACFL,2014,PG-18,PG-03_2014,1,1,0,166,27556,269.61,479.49,243.23,0,0,0,0.58,0.78,0.18,0.26,0.09,584.1690338,584.1690338,NA,NA,I,Core
PG-03_2014,PG,PG,MP,ACFL,2014,PG-19,PG-03_2014,1,5,0,171,29241,269.61,479.49,243.23,0,0,0,0.58,0.78,0.18,0.26,0.09,584.1690338,584.1690338,NA,NA,I,Core
PG-03_2014,PG,PG,MP,ACFL,2014,PG-20,PG-03_2014,1,6,0,177,31329,269.61,479.49,243.23,0,0,0,0.58,0.78,0.18,0.26,0.09,584.1690338,584.1690338,NA,NA,I,Core
PG-03_2014,PG,PG,MP,ACFL,2014,PG-21,PG-03_2014,0,3,0,180,32400,269.61,479.49,243.23,0,0,0,0.58,0.78,0.18,0.26,0.09,584.1690338,584.1690338,NA,NA,I,Core
PG-04_2014,PG,PG,MP,ACFL,2014,PG-22,PG-04_2014,1,5,0,153,23409,319.59,447.43,299.57,0,0,0,0.58,0.77,0.18,0.26,0.09,584.1690338,584.1690338,NA,NA,I,Core
PG-04_2014,PG,PG,MP,ACFL,2014,PG-23,PG-04_2014,0,3,1,156,24336,319.59,447.43,299.57,0,0,0,0.58,0.77,0.18,0.26,0.09,584.1690338,584.1690338,NA,NA,I,Core
PG-04_2014,PG,PG,MP,ACFL,2014,PG-24,PG-04_2014,1,3,1,159,25281,319.59,447.43,299.57,0,0,0,0.58,0.77,0.18,0.26,0.09,584.1690338,584.1690338,NA,NA,I,Core
PG-04_2014,PG,PG,MP,ACFL,2014,PG-25,PG-04_2014,1,3,0,162,26244,319.59,447.43,299.57,0,0,0,0.58,0.77,0.18,0.26,0.09,584.1690338,584.1690338,NA,NA,I,Core
PG-04_2014,PG,PG,MP,ACFL,2014,PG-26,PG-04_2014,1,1,0,163,26569,319.59,447.43,299.57,0,0,0,0.58,0.77,0.18,0.26,0.09,584.1690338,584.1690338,NA,NA,I,Core
PG-04_2014,PG,PG,MP,ACFL,2014,PG-27,PG-04_2014,1,1,0,164,26896,319.59,447.43,299.57,0,0,0,0.58,0.77,0.18,0.26,0.09,584.1690338,584.1690338,NA,NA,I,Core
PG-04_2014,PG,PG,MP,ACFL,2014,PG-28,PG-04_2014,1,1,0,165,27225,319.59,447.43,299.57,0,0,0,0.58,0.77,0.18,0.26,0.09,584.1690338,584.1690338,NA,NA,I,Core
PG-04_2014,PG,PG,MP,ACFL,2014,PG-29,PG-04_2014,1,1,0,166,27556,319.59,447.43,299.57,0,0,0,0.58,0.77,0.18,0.26,0.09,584.1690338,584.1690338,NA,NA,I,Core
PG-04_2014,PG,PG,MP,ACFL,2014,PG-30,PG-04_2014,1,5,0,171,29241,319.59,447.43,299.57,0,0,0,0.58,0.77,0.18,0.26,0.09,584.1690338,584.1690338,NA,NA,I,Core
PG-04_2014,PG,PG,MP,ACFL,2014,PG-31,PG-04_2014,0,6,0,177,31329,319.59,447.43,299.57,0,0,0,0.58,0.77,0.18,0.26,0.09,584.1690338,584.1690338,NA,NA,I,Core
PG-11_2014,PG,PG,MP,ACFL,2014,PG-32,PG-11_2014,1,0,0,198,39204,224.28,337.54,276.49,0,0,0,0.58,0.71,0.21,0.26,0.09,584.1690338,584.1690338,NA,NA,I,Core
PG-11_2014,PG,PG,MP,ACFL,2014,PG-33,PG-11_2014,0,1,,199,39601,224.28,337.54,276.49,0,0,0,0.58,0.71,0.21,0.26,0.09,584.1690338,584.1690338,NA,NA,I,Core
